soil_type,moisture_content,bulk_density,grain_size,foundation_depth,field_observation_score,bearing_capacity,safety_class
Sand,28.35,16.97,Fine,1.72,3,237.45,Safe
Sand,28.42,14.61,Coarse,1.98,4,231.42,Safe
Gravel,6.18,20.01,Coarse,2.05,3,400.0,Safe
Silt,9.35,14.2,Fine,1.27,4,131.96,Moderate
Sand,30.75,19.53,Medium,1.6,5,235.48,Safe
Silt,11.08,20.68,Coarse,1.92,3,313.32,Safe
Clay,12.05,17.54,Medium,1.6,2,121.13,Moderate
Gravel,10.8,21.44,Medium,0.64,4,333.79,Safe
Clay,39.7,17.41,Fine,2.14,4,72.92,Unsafe
Silt,31.51,20.77,Coarse,0.62,4,231.2,Safe
Sand,29.18,18.4,Coarse,2.33,2,289.98,Safe
Clay,28.11,18.57,Medium,2.77,3,139.42,Moderate
Silt,30.0,19.4,Coarse,2.32,2,218.19,Safe
Sand,30.98,18.12,Fine,1.28,2,196.29,Moderate
Silt,5.63,16.62,Fine,2.28,1,185.84,Moderate
Sand,7.24,19.08,Fine,1.02,5,222.28,Safe
Sand,36.56,18.61,Medium,1.33,5,216.24,Safe
Silt,24.78,15.99,Fine,1.26,4,131.2,Moderate
Silt,17.88,16.22,Fine,1.21,4,134.55,Moderate
Sand,16.12,16.87,Fine,1.37,5,238.91,Safe
Sand,36.6,14.65,Coarse,0.68,5,206.19,Safe
Sand,26.48,20.61,Fine,0.74,3,200.03,Safe
Clay,39.42,16.6,Medium,1.71,1,50.0,Unsafe
Gravel,27.26,18.46,Fine,0.6,3,261.81,Safe
Clay,28.58,19.65,Medium,1.15,1,90.44,Unsafe
Sand,14.82,16.73,Medium,2.8,5,281.15,Safe
Gravel,5.32,16.42,Fine,2.79,1,332.9,Safe
Sand,22.0,18.35,Coarse,1.66,5,325.09,Safe
Silt,34.15,18.36,Medium,1.16,2,174.18,Moderate
Sand,29.77,14.44,Fine,2.64,4,241.51,Safe
Clay,24.65,21.74,Medium,2.26,1,172.62,Moderate
Sand,12.15,21.46,Fine,2.51,4,254.04,Safe
Clay,27.14,19.42,Medium,2.66,4,144.09,Moderate
Silt,21.53,17.22,Fine,2.61,5,229.3,Safe
Sand,7.37,21.77,Fine,1.47,1,259.51,Safe
Sand,12.32,19.16,Fine,1.48,3,252.87,Safe
Clay,27.6,17.54,Coarse,1.71,5,133.81,Moderate
Clay,8.52,15.85,Medium,1.26,5,129.13,Moderate
Sand,14.09,21.48,Medium,2.97,5,378.39,Safe
Sand,36.78,20.27,Fine,1.06,4,234.02,Safe
Clay,22.01,17.04,Fine,0.69,1,62.97,Unsafe
Silt,37.45,21.74,Fine,0.7,1,163.35,Moderate
Silt,29.73,17.06,Coarse,1.93,5,207.09,Safe
Sand,8.69,21.33,Medium,2.33,2,287.13,Safe
Sand,18.97,18.88,Fine,1.06,2,206.01,Safe
Sand,24.52,16.71,Medium,0.91,5,255.11,Safe
Clay,16.73,16.69,Medium,2.58,3,149.42,Moderate
Sand,21.24,20.59,Fine,2.84,5,320.31,Safe
Silt,15.95,15.57,Coarse,2.15,5,237.17,Safe
Sand,9.25,17.9,Coarse,1.87,3,308.7,Safe
Clay,9.87,18.91,Fine,0.87,1,130.85,Moderate
Gravel,16.09,17.87,Fine,1.78,2,252.69,Safe
Sand,31.81,14.39,Fine,2.15,1,200.93,Safe
Sand,12.25,21.54,Coarse,2.59,2,364.98,Safe
Silt,29.91,18.6,Fine,1.06,1,149.6,Moderate
Sand,19.87,15.61,Medium,2.04,5,214.3,Safe
Gravel,7.7,18.62,Medium,1.94,3,349.03,Safe
Silt,9.92,18.68,Medium,1.06,2,184.92,Moderate
Silt,22.28,15.43,Coarse,1.26,3,176.02,Moderate
Sand,23.64,15.58,Coarse,2.44,2,243.64,Safe
Gravel,27.2,15.17,Coarse,2.7,3,328.6,Safe
Sand,31.99,16.75,Coarse,1.23,5,256.83,Safe
Clay,32.09,16.09,Fine,2.29,1,64.15,Unsafe
Clay,6.29,14.65,Coarse,1.65,5,148.8,Moderate
Sand,13.47,14.78,Medium,1.25,2,220.21,Safe
Silt,36.15,18.95,Fine,1.31,3,186.56,Moderate
Silt,17.56,17.85,Fine,1.51,4,172.6,Moderate
Silt,11.36,17.35,Coarse,0.54,4,205.62,Safe
Gravel,27.42,14.5,Coarse,1.44,3,324.86,Safe
Silt,19.88,15.11,Fine,2.35,5,196.16,Moderate
Clay,9.71,21.49,Fine,2.28,1,164.18,Moderate
Clay,23.95,19.62,Fine,2.92,4,146.41,Moderate
Clay,19.79,17.48,Coarse,2.24,5,159.32,Moderate
Clay,36.98,18.59,Medium,1.53,2,70.74,Unsafe
Sand,34.89,17.81,Coarse,1.87,5,306.23,Safe
Sand,26.93,21.77,Fine,2.5,1,241.02,Safe
Sand,35.3,15.21,Fine,2.7,2,232.0,Safe
Silt,14.84,17.53,Medium,0.91,3,185.52,Moderate
Sand,15.27,21.53,Coarse,1.03,4,324.17,Safe
Silt,28.54,14.99,Coarse,1.5,1,177.39,Moderate
Clay,32.81,14.48,Coarse,0.81,1,50.0,Unsafe
Sand,22.94,18.39,Medium,1.21,2,225.28,Safe
Clay,7.33,20.81,Fine,1.93,2,190.58,Moderate
Sand,37.08,19.46,Coarse,2.39,5,292.74,Safe
Clay,14.36,19.09,Medium,2.11,2,155.88,Moderate
Sand,31.2,15.97,Coarse,0.56,2,220.2,Safe
Sand,15.97,15.42,Medium,1.96,4,230.29,Safe
Silt,20.2,15.29,Coarse,2.56,5,260.58,Safe
Clay,19.66,15.67,Medium,0.95,4,87.11,Unsafe
Sand,39.33,18.76,Medium,0.82,5,238.06,Safe
Sand,28.25,14.99,Coarse,1.15,1,215.78,Safe
Sand,26.07,15.68,Medium,2.46,3,267.72,Safe
Gravel,17.01,16.52,Fine,2.55,5,291.69,Safe
Clay,7.35,16.44,Medium,1.81,4,163.15,Moderate
Clay,33.52,17.57,Medium,1.93,2,76.43,Unsafe
Clay,32.88,14.56,Medium,2.63,5,92.97,Unsafe
Sand,12.66,17.4,Fine,1.75,3,231.98,Safe
Sand,38.9,20.97,Medium,0.64,4,282.32,Safe
Silt,37.25,21.13,Coarse,2.54,2,295.08,Safe
Clay,14.46,17.02,Coarse,0.86,1,124.96,Moderate
Sand,11.58,19.34,Fine,0.54,5,212.93,Safe
Clay,27.57,16.98,Medium,1.31,1,75.73,Unsafe
Silt,29.23,16.61,Coarse,2.45,4,251.49,Safe
Clay,24.78,17.14,Coarse,1.26,1,87.69,Unsafe
Sand,25.43,16.79,Coarse,0.77,1,201.9,Safe
Silt,15.64,15.81,Fine,1.54,3,157.9,Moderate
Clay,25.26,15.01,Medium,1.16,2,59.19,Unsafe
Silt,23.98,16.25,Medium,1.4,2,151.68,Moderate
Silt,8.97,16.82,Fine,1.59,2,154.66,Moderate
Sand,7.31,19.05,Fine,2.98,5,297.77,Safe
Silt,37.84,21.44,Medium,0.69,5,227.22,Safe
Clay,38.35,16.73,Fine,0.55,4,50.0,Unsafe
Gravel,23.29,17.32,Medium,1.92,4,286.42,Safe
Clay,31.03,17.43,Coarse,1.21,3,78.98,Unsafe
Silt,10.32,17.16,Fine,2.2,2,206.25,Safe
Silt,31.4,16.5,Coarse,0.86,1,152.01,Moderate
Sand,20.59,21.81,Medium,1.23,5,328.58,Safe
Sand,20.13,20.64,Fine,2.51,3,311.03,Safe
Silt,19.13,14.34,Fine,1.48,3,121.14,Moderate
Gravel,15.0,16.27,Medium,2.98,4,343.67,Safe
Sand,20.19,16.46,Coarse,1.7,3,282.26,Safe
Sand,24.34,14.48,Coarse,2.37,4,265.49,Safe
Clay,8.99,21.46,Coarse,2.83,1,282.75,Safe
Clay,12.07,16.18,Medium,0.79,3,118.9,Moderate
Gravel,12.52,16.48,Medium,1.28,1,288.79,Safe
Silt,27.49,15.48,Coarse,2.47,2,195.57,Moderate
Sand,25.92,16.4,Medium,1.52,3,232.14,Safe
Sand,15.17,18.52,Medium,2.69,3,315.19,Safe
Sand,27.26,14.95,Medium,2.79,5,233.38,Safe
Clay,16.38,17.18,Fine,2.72,3,132.79,Moderate
Sand,31.66,18.53,Coarse,2.41,2,261.27,Safe
Gravel,31.58,15.24,Coarse,2.65,4,400.0,Safe
Clay,10.48,20.13,Coarse,0.58,1,148.04,Moderate
Sand,13.41,19.74,Medium,0.76,3,217.24,Safe
Sand,34.35,21.35,Medium,2.02,5,289.38,Safe
Silt,6.08,19.51,Fine,2.79,1,248.69,Safe
Clay,39.96,19.14,Fine,1.34,3,65.84,Unsafe
Sand,23.96,17.17,Medium,1.87,3,227.56,Safe
Gravel,23.25,17.42,Coarse,2.52,3,386.65,Safe
Clay,8.47,20.61,Coarse,2.02,3,209.95,Safe
Clay,32.15,20.02,Medium,1.7,5,142.96,Moderate
Clay,38.04,15.67,Fine,1.62,3,50.0,Unsafe
Silt,34.24,17.77,Medium,2.59,1,184.29,Moderate
Clay,17.09,21.9,Fine,0.62,5,176.85,Moderate
Clay,15.48,19.38,Medium,1.7,4,189.6,Moderate
Gravel,33.6,16.33,Coarse,2.12,3,348.06,Safe
Sand,13.59,18.52,Fine,1.18,5,215.97,Safe
Clay,30.71,20.55,Medium,1.9,1,121.98,Moderate
Clay,38.64,14.17,Fine,1.87,1,50.0,Unsafe
Clay,28.54,14.64,Medium,2.37,4,98.05,Unsafe
Clay,15.25,19.02,Medium,1.83,1,155.79,Moderate
Clay,15.5,16.88,Coarse,0.55,1,107.74,Moderate
Sand,39.06,14.66,Medium,2.1,2,184.5,Moderate
Silt,26.35,15.06,Coarse,1.52,1,174.02,Moderate
Gravel,35.15,20.62,Medium,1.14,5,382.12,Safe
Silt,16.31,16.66,Medium,2.96,2,208.41,Safe
Sand,7.19,14.05,Coarse,1.03,1,222.73,Safe
Clay,36.23,21.82,Fine,1.27,4,103.19,Moderate
Silt,5.19,17.86,Medium,1.47,3,190.33,Moderate
Silt,23.69,21.66,Fine,0.62,5,207.68,Safe
Silt,34.6,21.9,Medium,1.3,4,216.28,Safe
Sand,20.39,18.08,Medium,2.82,1,293.92,Safe
Silt,37.61,16.37,Fine,2.99,4,212.95,Safe
Gravel,26.36,18.76,Medium,1.28,4,369.86,Safe
Clay,33.15,20.38,Fine,1.82,3,103.22,Moderate
Sand,13.12,15.83,Coarse,1.52,4,259.79,Safe
Sand,23.13,16.0,Fine,0.55,5,202.0,Safe
Sand,33.76,14.13,Medium,2.14,4,225.7,Safe
Clay,25.2,15.15,Coarse,0.76,2,57.26,Unsafe
Clay,37.66,15.52,Fine,2.41,5,68.61,Unsafe
Silt,6.02,18.08,Medium,0.6,4,166.73,Moderate
Sand,18.59,21.46,Coarse,0.59,4,272.56,Safe
Clay,15.05,19.85,Fine,0.57,4,139.5,Moderate
Clay,37.92,21.45,Fine,2.0,1,103.62,Moderate
Sand,14.16,16.37,Coarse,2.45,1,265.33,Safe
Gravel,8.88,18.79,Medium,2.8,1,319.42,Safe
Silt,11.6,17.09,Fine,1.54,5,206.98,Safe
Silt,34.0,15.06,Fine,2.02,2,154.74,Moderate
Sand,35.71,14.42,Fine,2.33,4,196.16,Moderate
Clay,30.64,21.27,Coarse,1.63,3,136.2,Moderate
Silt,33.93,18.45,Coarse,0.77,1,171.92,Moderate
Clay,13.14,21.73,Medium,0.76,4,194.15,Moderate
Silt,10.8,18.9,Coarse,2.18,3,261.24,Safe
Silt,38.85,20.27,Fine,2.5,4,202.51,Safe
Gravel,26.45,17.73,Coarse,2.36,4,400.0,Safe
Sand,5.42,21.0,Fine,1.28,1,252.69,Safe
Clay,23.17,18.88,Coarse,0.64,5,130.84,Moderate
Clay,26.53,15.75,Coarse,2.75,5,152.61,Moderate
Sand,38.82,14.5,Fine,2.24,1,148.62,Moderate
Gravel,21.87,20.8,Fine,1.05,1,253.86,Safe
Gravel,37.83,17.62,Fine,1.7,3,253.85,Safe
Clay,17.21,20.28,Medium,2.46,5,195.89,Moderate
Clay,5.61,18.68,Medium,1.18,5,185.7,Moderate
Clay,27.08,21.04,Medium,2.85,3,171.0,Moderate
Silt,21.98,15.89,Fine,1.49,4,156.69,Moderate
Clay,19.15,18.51,Coarse,2.25,3,191.29,Moderate
Silt,34.34,17.77,Fine,1.03,1,129.62,Moderate
Silt,37.42,20.86,Medium,2.62,3,252.69,Safe
Silt,34.2,14.44,Coarse,1.08,3,154.29,Moderate
Sand,9.48,21.37,Medium,2.13,2,305.76,Safe
Clay,34.83,21.94,Medium,2.74,2,142.06,Moderate
Sand,22.74,15.11,Fine,1.31,5,202.43,Safe
Silt,7.19,18.78,Medium,2.53,4,228.63,Safe
Sand,33.1,15.82,Coarse,1.74,5,229.61,Safe
Silt,5.13,14.03,Coarse,0.82,2,170.18,Moderate
Sand,24.67,14.78,Medium,2.72,5,261.84,Safe
Sand,6.24,20.78,Fine,1.02,5,292.29,Safe
Gravel,21.19,18.42,Medium,2.74,3,388.41,Safe
Sand,7.18,20.52,Coarse,2.59,3,352.61,Safe
Gravel,20.76,14.4,Medium,0.68,3,288.79,Safe
Silt,34.63,15.37,Coarse,1.52,1,141.83,Moderate
Silt,34.95,19.68,Fine,1.44,3,155.63,Moderate
Sand,5.18,19.43,Coarse,1.24,1,286.02,Safe
Silt,37.13,16.15,Medium,2.51,1,175.09,Moderate
Sand,12.42,17.33,Medium,2.89,4,265.38,Safe
Clay,22.14,19.74,Coarse,1.35,4,161.62,Moderate
Sand,8.69,19.81,Medium,1.81,3,279.37,Safe
Clay,24.4,18.89,Fine,1.5,2,90.94,Unsafe
Sand,28.99,17.02,Coarse,1.77,3,304.06,Safe
Sand,34.66,21.1,Fine,1.8,2,242.76,Safe
Gravel,21.5,14.09,Fine,2.48,2,246.54,Safe
Sand,16.44,19.19,Fine,1.18,5,225.18,Safe
Sand,10.42,18.3,Coarse,0.94,1,228.09,Safe
Clay,7.65,21.34,Coarse,2.2,1,227.6,Safe
Sand,27.67,18.05,Fine,2.33,3,229.53,Safe
Sand,29.67,18.44,Fine,2.6,5,295.93,Safe
Silt,7.0,15.38,Coarse,1.19,5,232.98,Safe
Sand,12.67,14.11,Medium,1.52,4,217.82,Safe
Sand,34.26,21.78,Fine,2.65,2,238.9,Safe
Gravel,7.05,21.23,Coarse,2.47,5,400.0,Safe
Clay,13.77,21.28,Medium,1.75,4,185.93,Moderate
Silt,25.83,19.56,Fine,0.85,3,165.3,Moderate
Silt,29.63,17.29,Fine,1.37,5,146.72,Moderate
Silt,12.37,20.49,Fine,2.18,1,189.3,Moderate
Sand,25.02,17.41,Fine,1.81,4,208.91,Safe
Sand,38.28,15.05,Medium,0.78,3,154.08,Moderate
Silt,27.9,19.94,Medium,0.78,3,164.55,Moderate
Clay,9.41,18.57,Fine,1.85,2,130.62,Moderate
Sand,11.68,15.63,Fine,0.76,2,171.16,Moderate
Sand,26.05,14.88,Coarse,1.55,5,286.69,Safe
Clay,34.64,20.63,Medium,2.11,1,117.42,Moderate
Gravel,30.63,20.86,Fine,1.51,2,293.02,Safe
Sand,29.63,18.38,Fine,1.25,2,173.61,Moderate
Silt,34.1,18.51,Fine,2.09,3,210.23,Safe
Sand,28.79,20.87,Coarse,1.14,4,356.15,Safe
Sand,16.0,17.14,Fine,2.3,5,259.31,Safe
Sand,9.22,14.1,Fine,2.14,4,234.62,Safe
Clay,21.96,16.06,Fine,0.82,4,86.2,Unsafe
Clay,22.46,20.47,Medium,2.47,2,162.04,Moderate
Sand,20.89,17.56,Medium,2.22,4,250.07,Safe
Sand,27.21,18.83,Medium,0.65,1,216.92,Safe
Gravel,11.88,17.43,Medium,2.53,3,315.09,Safe
Gravel,35.81,21.07,Fine,1.7,1,307.69,Safe
Silt,23.47,17.37,Coarse,2.94,5,289.19,Safe
Sand,21.54,19.0,Fine,1.11,4,208.58,Safe
Sand,13.86,18.42,Coarse,1.4,3,250.83,Safe
Gravel,6.21,16.32,Coarse,2.33,1,386.74,Safe
Silt,7.69,18.57,Medium,1.56,5,212.62,Safe
Gravel,11.28,21.77,Medium,2.48,5,400.0,Safe
Gravel,19.25,20.61,Medium,0.7,5,356.49,Safe
Clay,28.16,19.05,Medium,2.52,4,144.46,Moderate
Gravel,8.1,21.16,Fine,2.27,2,354.52,Safe
Sand,17.18,14.73,Medium,2.67,4,278.25,Safe
Silt,29.54,21.94,Coarse,1.61,5,294.94,Safe
Clay,28.01,18.39,Medium,2.43,3,146.32,Moderate
Silt,25.57,16.4,Coarse,0.79,2,158.77,Moderate
Clay,16.69,21.48,Coarse,2.5,3,205.3,Safe
Clay,36.16,19.35,Coarse,2.99,3,132.81,Moderate
Clay,28.55,17.72,Fine,2.33,5,114.56,Moderate
Clay,24.72,19.54,Fine,1.5,4,128.49,Moderate
Gravel,21.69,14.32,Coarse,1.43,1,307.76,Safe
Clay,22.61,18.59,Medium,1.79,3,148.11,Moderate
Sand,37.96,21.35,Medium,2.38,5,338.69,Safe
Gravel,28.68,15.97,Medium,1.98,4,281.2,Safe
Sand,18.74,21.57,Coarse,1.43,1,293.25,Safe
Clay,23.96,14.94,Coarse,2.83,2,136.64,Moderate
Gravel,33.17,17.14,Medium,1.64,5,291.08,Safe
Clay,17.44,15.49,Coarse,1.07,5,130.86,Moderate
Sand,32.7,17.43,Medium,0.88,2,229.9,Safe
Silt,33.39,19.35,Coarse,1.64,1,230.33,Safe
Silt,37.65,20.42,Medium,2.69,3,230.34,Safe
Sand,6.26,15.51,Medium,1.03,3,204.14,Safe
Clay,30.51,14.08,Fine,0.83,3,50.0,Unsafe
Silt,26.12,20.71,Medium,1.48,3,198.03,Moderate
Silt,28.38,14.21,Coarse,0.67,1,121.49,Moderate
Sand,39.76,16.63,Fine,0.73,4,186.09,Moderate
Sand,34.33,14.71,Fine,2.22,5,191.14,Moderate
Clay,25.71,15.01,Coarse,1.26,3,81.2,Unsafe
Silt,5.0,19.31,Medium,2.05,2,209.88,Safe
Silt,5.48,16.98,Fine,2.4,4,197.71,Moderate
Silt,21.58,15.59,Coarse,1.87,5,226.21,Safe
Clay,10.61,15.32,Medium,2.07,3,151.44,Moderate
Clay,25.69,19.43,Medium,1.29,4,141.38,Moderate
Sand,22.59,19.99,Fine,2.16,3,256.55,Safe
Silt,17.42,20.65,Coarse,0.93,4,278.09,Safe
Clay,23.13,19.86,Medium,1.66,5,171.62,Moderate
Silt,14.88,18.54,Medium,1.5,3,215.5,Safe
Silt,30.83,15.43,Fine,1.51,3,153.8,Moderate
Gravel,36.29,21.83,Coarse,1.82,3,400.0,Safe
Silt,17.08,18.62,Coarse,1.27,3,255.82,Safe
Clay,33.77,19.04,Fine,1.32,5,97.83,Unsafe
Clay,32.11,15.46,Fine,0.94,3,50.0,Unsafe
Sand,30.0,21.95,Medium,1.66,1,269.57,Safe
Clay,26.3,17.67,Medium,2.52,4,155.91,Moderate
Silt,14.02,16.18,Medium,1.28,4,173.17,Moderate
Gravel,14.64,21.96,Medium,0.68,2,376.59,Safe
Silt,17.52,15.16,Fine,0.99,1,113.87,Moderate
Sand,30.5,21.28,Medium,1.74,5,319.71,Safe
Clay,33.91,15.08,Medium,2.39,3,62.51,Unsafe
Gravel,38.85,17.01,Fine,1.67,2,281.84,Safe
Sand,28.19,16.5,Fine,0.63,5,164.67,Moderate
Clay,36.72,20.55,Medium,2.65,2,116.75,Moderate
Clay,24.59,18.98,Medium,1.83,4,133.79,Moderate
Sand,30.15,17.94,Medium,2.81,4,281.77,Safe
Clay,6.38,14.49,Medium,2.82,4,184.7,Moderate
Silt,27.73,19.99,Medium,1.91,4,240.12,Safe
Sand,29.69,17.22,Fine,3.0,4,265.02,Safe
Clay,12.39,15.08,Coarse,1.06,1,114.1,Moderate
Gravel,35.45,18.65,Coarse,1.31,5,337.7,Safe
Clay,13.78,19.47,Medium,1.09,2,164.94,Moderate
Sand,27.69,20.75,Coarse,2.44,5,323.86,Safe
Silt,29.59,21.83,Coarse,1.67,5,259.76,Safe
Silt,32.14,20.74,Coarse,1.75,4,273.01,Safe
Silt,39.25,15.99,Medium,2.8,5,194.86,Moderate
Sand,13.78,18.77,Medium,1.78,2,248.67,Safe
Clay,10.15,18.63,Coarse,2.96,1,215.06,Safe
Sand,6.36,18.39,Fine,1.39,5,270.85,Safe
Clay,21.04,17.34,Medium,1.48,5,134.8,Moderate
Silt,29.11,20.01,Fine,0.68,1,176.38,Moderate
Gravel,18.46,19.41,Coarse,1.64,2,400.0,Safe
Silt,8.29,21.48,Fine,2.79,1,213.19,Safe
Clay,20.74,17.45,Medium,0.81,3,87.65,Unsafe
Sand,20.76,16.53,Medium,0.54,4,222.3,Safe
Sand,32.41,18.62,Fine,1.13,2,182.56,Moderate
Sand,27.26,20.39,Fine,1.73,1,248.25,Safe
Clay,33.11,18.37,Medium,2.47,4,119.34,Moderate
Sand,24.08,14.28,Coarse,2.73,4,305.38,Safe
Sand,30.14,17.01,Fine,2.72,5,221.64,Safe
Clay,36.82,15.76,Fine,0.88,2,50.0,Unsafe
Gravel,11.51,19.05,Coarse,2.18,5,400.0,Safe
Silt,10.94,16.44,Coarse,2.99,1,246.9,Safe
Silt,34.88,19.53,Coarse,0.74,1,184.98,Moderate
Clay,18.92,15.1,Medium,0.97,3,77.18,Unsafe
Silt,10.0,21.22,Medium,1.51,2,219.62,Safe
Sand,14.8,16.89,Fine,1.37,2,184.49,Moderate
Sand,31.92,20.76,Medium,1.03,5,235.26,Safe
Clay,15.64,19.19,Coarse,0.82,4,157.24,Moderate
Clay,39.16,18.11,Coarse,2.53,2,102.71,Moderate
Sand,27.7,21.02,Coarse,2.21,4,354.35,Safe
Silt,30.85,21.59,Medium,1.74,4,279.88,Safe
Silt,22.7,21.18,Fine,2.04,4,249.61,Safe
Silt,14.65,15.3,Medium,0.7,4,152.49,Moderate
Sand,34.45,18.67,Fine,2.93,2,226.23,Safe
Sand,22.71,15.35,Fine,2.94,4,260.68,Safe
Sand,18.4,20.05,Fine,0.59,2,223.91,Safe
Sand,18.14,17.37,Coarse,2.73,4,348.5,Safe
Sand,13.63,18.58,Coarse,2.42,3,300.08,Safe
Silt,35.06,20.21,Fine,2.78,3,247.87,Safe
Sand,12.85,18.1,Coarse,2.28,1,342.23,Safe
Clay,39.2,15.18,Fine,0.73,1,50.0,Unsafe
Sand,18.32,14.06,Coarse,2.17,4,295.87,Safe
Clay,35.7,19.87,Medium,0.62,1,55.79,Unsafe
Gravel,36.18,18.22,Coarse,2.18,3,358.69,Safe
Sand,18.04,16.93,Coarse,1.08,4,238.18,Safe
Sand,21.96,14.93,Coarse,0.77,3,228.05,Safe
Gravel,26.25,20.92,Medium,1.62,4,400.0,Safe
Silt,6.81,21.01,Coarse,2.64,1,257.44,Safe
Silt,23.84,16.91,Coarse,0.74,4,198.66,Moderate
Clay,18.86,20.76,Medium,0.51,4,124.25,Moderate
Silt,31.49,17.16,Coarse,1.77,2,185.15,Moderate
Sand,9.97,18.53,Fine,2.06,5,227.17,Safe
Gravel,31.29,16.74,Fine,2.41,1,280.06,Safe
Clay,9.25,15.76,Fine,2.55,2,122.19,Moderate
Sand,18.63,16.53,Medium,2.93,2,268.77,Safe
Silt,27.1,18.15,Coarse,2.63,1,267.12,Safe
Silt,12.16,21.69,Coarse,1.25,1,232.98,Safe
Clay,6.69,17.28,Medium,2.26,4,175.78,Moderate
Clay,34.03,21.09,Medium,1.48,4,113.14,Moderate
Gravel,18.92,20.11,Coarse,1.82,2,400.0,Safe
Silt,38.3,19.95,Medium,2.2,5,259.14,Safe
Sand,25.07,20.04,Coarse,2.87,3,308.95,Safe
Silt,32.61,14.79,Fine,1.78,2,149.13,Moderate
Silt,23.25,20.01,Fine,1.61,1,182.02,Moderate
Silt,7.67,18.0,Medium,2.19,3,197.28,Moderate
Silt,7.86,14.55,Medium,1.41,1,124.4,Moderate
Silt,19.82,19.76,Medium,2.12,4,247.66,Safe
Sand,10.81,19.28,Medium,2.82,2,296.49,Safe
Clay,7.4,20.49,Medium,1.29,2,204.15,Safe
Gravel,29.77,18.5,Coarse,1.31,2,372.85,Safe
Silt,11.81,14.96,Medium,1.21,2,161.04,Moderate
Silt,6.97,17.86,Medium,1.36,2,217.34,Safe
Clay,29.07,17.24,Coarse,2.17,5,143.97,Moderate
Silt,30.51,16.65,Fine,2.72,4,183.84,Moderate
Sand,15.12,15.94,Medium,2.22,2,232.48,Safe
Silt,10.21,14.47,Coarse,1.61,5,221.63,Safe
Gravel,14.67,15.14,Coarse,1.97,4,361.55,Safe
Sand,17.9,21.53,Coarse,2.32,1,364.64,Safe
Clay,9.78,15.06,Fine,1.65,1,98.1,Unsafe
Silt,21.83,14.74,Fine,1.05,2,119.72,Moderate
Silt,17.98,15.76,Fine,0.73,1,131.76,Moderate
Sand,22.51,14.55,Fine,2.15,1,172.78,Moderate
Clay,16.99,15.29,Medium,2.76,2,140.1,Moderate
Silt,7.78,17.34,Fine,0.93,3,145.24,Moderate
Sand,19.44,16.09,Coarse,2.63,4,273.07,Safe
Sand,26.73,17.14,Coarse,0.87,3,259.35,Safe
Clay,23.08,14.84,Medium,2.73,1,101.21,Moderate
Sand,5.27,17.72,Coarse,1.14,3,297.79,Safe
Silt,30.32,21.73,Coarse,1.19,4,300.46,Safe
Silt,25.46,20.79,Medium,2.07,3,275.24,Safe
Clay,38.49,15.45,Coarse,0.96,1,50.0,Unsafe
Clay,32.8,16.98,Coarse,1.35,3,69.43,Unsafe
Gravel,14.58,15.35,Coarse,0.81,4,368.95,Safe
Clay,5.83,14.18,Medium,1.06,2,91.84,Unsafe
Clay,26.78,17.2,Fine,1.18,3,69.59,Unsafe
Silt,36.71,14.62,Medium,2.89,2,184.57,Moderate
Silt,35.06,16.72,Medium,2.15,4,192.41,Moderate
Sand,31.37,17.07,Fine,1.02,5,195.57,Moderate
Silt,32.52,16.84,Fine,1.58,1,161.72,Moderate
Sand,34.68,19.46,Coarse,1.24,5,338.59,Safe
Silt,30.43,14.53,Coarse,2.58,5,229.33,Safe
Clay,21.09,20.06,Coarse,1.93,4,209.49,Safe
Clay,9.7,15.85,Fine,0.76,1,75.82,Unsafe
Sand,34.39,18.25,Coarse,2.37,4,352.2,Safe
Clay,23.1,15.7,Medium,0.51,1,50.0,Unsafe
Sand,16.73,14.19,Fine,0.62,3,159.73,Moderate
Gravel,12.01,17.91,Fine,0.77,3,244.42,Safe
Sand,12.7,16.52,Coarse,1.1,5,265.63,Safe
Clay,10.16,19.76,Fine,1.65,2,149.31,Moderate
Clay,11.45,14.05,Coarse,2.5,3,156.45,Moderate
Silt,32.5,20.65,Medium,2.34,5,228.56,Safe
Silt,29.1,14.1,Medium,2.43,1,130.59,Moderate
Gravel,27.55,17.19,Coarse,2.72,2,351.76,Safe
Sand,15.4,19.9,Coarse,2.27,5,400.0,Safe
Sand,23.76,16.66,Medium,2.75,5,308.83,Safe
Silt,36.71,17.09,Coarse,0.94,1,167.12,Moderate
Silt,25.66,15.39,Coarse,2.52,1,223.64,Safe
Sand,21.09,17.99,Medium,2.7,4,319.66,Safe
Clay,5.73,20.38,Medium,2.75,4,249.23,Safe
Clay,29.09,19.6,Medium,0.75,1,84.47,Unsafe
Clay,32.09,16.35,Medium,2.22,5,116.69,Moderate
Sand,36.75,15.69,Medium,1.45,4,223.47,Safe
Sand,27.89,21.46,Fine,1.35,2,271.27,Safe
Gravel,16.64,17.15,Coarse,2.61,3,362.61,Safe
Clay,26.79,18.28,Coarse,1.59,5,158.79,Moderate
Clay,27.29,18.94,Medium,1.69,5,151.07,Moderate
Silt,22.75,20.08,Fine,1.51,5,241.71,Safe
Gravel,6.64,21.59,Medium,0.96,5,400.0,Safe
Silt,34.65,15.57,Fine,2.48,3,172.23,Moderate
Sand,14.46,14.19,Coarse,1.67,5,285.18,Safe
Sand,6.09,15.07,Medium,0.77,3,193.24,Moderate
Gravel,8.82,14.64,Medium,2.9,2,288.58,Safe
Silt,5.95,18.02,Medium,2.29,5,221.41,Safe
Clay,33.25,21.91,Coarse,1.44,3,160.82,Moderate
Sand,28.89,14.39,Coarse,1.56,3,233.43,Safe
Sand,31.4,19.94,Medium,1.95,5,275.76,Safe
Gravel,10.04,18.27,Medium,1.94,1,350.82,Safe
Sand,20.37,15.45,Fine,1.9,1,184.62,Moderate
Sand,39.35,17.86,Coarse,2.17,2,282.09,Safe
Silt,26.75,20.16,Coarse,1.17,4,221.79,Safe
Silt,31.56,14.64,Fine,2.96,3,185.28,Moderate
Sand,30.28,17.82,Medium,2.81,2,282.56,Safe
Sand,24.51,16.91,Coarse,1.1,2,272.3,Safe
Silt,38.6,21.76,Medium,1.97,2,235.41,Safe
Gravel,17.42,21.87,Medium,1.74,4,332.21,Safe
Sand,27.9,15.77,Fine,1.77,2,170.52,Moderate
Silt,7.33,17.5,Coarse,1.4,1,228.34,Safe
Sand,22.23,16.37,Fine,0.63,4,200.76,Safe
Silt,5.32,15.65,Fine,0.69,2,121.92,Moderate
Gravel,20.32,14.55,Medium,1.82,1,311.78,Safe
Sand,29.54,14.88,Medium,2.0,1,194.87,Moderate
Clay,14.52,14.32,Coarse,1.26,5,135.29,Moderate
Sand,9.9,15.75,Fine,1.8,4,198.35,Moderate
Silt,22.81,14.31,Medium,1.46,4,173.15,Moderate
Sand,29.31,20.15,Coarse,2.27,4,372.38,Safe
Silt,11.83,17.87,Coarse,1.61,3,223.82,Safe
Silt,21.9,20.61,Medium,1.16,4,196.54,Moderate
Silt,38.27,17.69,Fine,1.71,4,157.01,Moderate
Silt,32.27,15.03,Coarse,0.95,4,182.4,Moderate
Silt,14.26,14.17,Coarse,0.82,1,139.69,Moderate
Silt,29.58,18.99,Fine,0.65,4,178.31,Moderate
Clay,28.59,15.98,Medium,2.83,2,111.16,Moderate
Gravel,19.55,20.1,Coarse,1.03,5,382.1,Safe
Sand,16.97,21.83,Coarse,1.95,5,335.73,Safe
Sand,25.96,20.8,Medium,1.64,2,296.46,Safe
Clay,22.89,17.17,Coarse,2.15,5,140.08,Moderate
Sand,21.94,17.65,Medium,2.41,5,239.99,Safe
Gravel,5.63,19.58,Medium,2.26,3,400.0,Safe
Sand,39.07,17.82,Coarse,2.46,4,268.99,Safe
Sand,33.14,18.33,Medium,1.41,2,250.96,Safe
Clay,5.77,15.63,Coarse,2.98,5,253.63,Safe
Sand,21.15,18.53,Coarse,2.12,5,305.27,Safe
Silt,11.48,16.29,Medium,2.04,3,184.85,Moderate
Sand,12.14,15.88,Medium,0.61,4,230.32,Safe
Clay,14.48,21.62,Coarse,1.27,4,204.91,Safe
Silt,20.37,19.04,Medium,0.66,1,180.03,Moderate
Clay,20.38,17.74,Coarse,1.36,5,148.47,Moderate
Clay,6.47,14.01,Fine,2.01,2,114.1,Moderate
Silt,25.76,21.91,Medium,2.35,1,237.71,Safe
Silt,11.14,18.55,Coarse,1.19,1,228.26,Safe
Clay,16.7,20.54,Medium,0.54,1,124.71,Moderate
Gravel,38.74,20.56,Fine,2.09,2,336.61,Safe
Gravel,15.84,19.31,Fine,2.01,5,354.41,Safe
Clay,39.19,18.58,Medium,2.69,4,111.47,Moderate
Clay,25.9,19.46,Coarse,0.57,5,129.17,Moderate
Sand,35.0,18.11,Medium,1.69,3,237.74,Safe
Clay,16.6,18.85,Medium,2.93,5,234.33,Safe
Clay,13.03,16.26,Coarse,2.41,3,180.87,Moderate
Sand,22.38,14.62,Coarse,2.6,2,239.24,Safe
Gravel,39.1,21.17,Coarse,1.19,5,400.0,Safe
Silt,36.77,21.27,Medium,2.23,5,282.75,Safe
Clay,21.83,14.96,Medium,2.1,1,97.29,Unsafe
Gravel,30.65,14.4,Coarse,2.51,1,347.3,Safe
Silt,17.36,15.48,Coarse,1.22,5,185.78,Moderate
Silt,18.75,18.78,Medium,1.71,1,177.01,Moderate
Clay,25.38,17.67,Medium,1.56,4,103.63,Moderate
Sand,15.0,18.32,Medium,2.15,1,276.17,Safe
Sand,30.83,17.05,Fine,2.67,4,247.29,Safe
Clay,32.36,15.8,Medium,0.64,3,50.0,Unsafe
Silt,29.49,20.24,Fine,1.32,4,186.07,Moderate
Sand,6.41,15.45,Fine,1.38,1,184.3,Moderate
Silt,19.39,21.58,Coarse,2.39,3,334.8,Safe
Gravel,7.23,16.64,Coarse,1.15,5,359.75,Safe
Silt,16.36,15.67,Medium,0.99,5,169.32,Moderate
Silt,11.28,21.65,Fine,2.82,4,266.2,Safe
Sand,5.92,14.93,Coarse,2.91,4,307.55,Safe
Clay,34.57,14.51,Coarse,1.06,4,50.0,Unsafe
Silt,26.2,15.49,Coarse,2.53,4,217.22,Safe
Clay,35.04,17.27,Medium,2.23,1,70.19,Unsafe
Sand,26.86,21.07,Fine,2.75,3,292.76,Safe
Clay,35.31,19.14,Coarse,1.22,5,113.78,Moderate
Sand,6.53,17.11,Fine,2.14,5,227.02,Safe
Silt,29.22,17.5,Fine,2.86,1,175.21,Moderate
Sand,6.54,17.29,Fine,2.08,2,248.26,Safe
Sand,27.78,17.23,Medium,1.79,5,280.22,Safe
Sand,32.43,17.15,Fine,2.21,5,261.03,Safe
Silt,30.29,18.13,Coarse,0.68,4,214.71,Safe
Sand,14.44,19.3,Coarse,2.72,2,385.35,Safe
Sand,11.97,15.33,Medium,1.52,2,234.53,Safe
Sand,35.79,14.34,Medium,1.43,1,153.34,Moderate
Gravel,34.38,14.61,Coarse,2.53,5,320.3,Safe
Sand,39.31,17.31,Medium,2.29,1,219.36,Safe
Sand,14.89,19.37,Medium,2.53,4,318.15,Safe
Silt,17.87,17.35,Medium,2.03,2,183.74,Moderate
Silt,25.76,17.66,Fine,0.78,5,167.76,Moderate
Sand,36.57,14.0,Medium,1.32,5,183.81,Moderate
Clay,19.39,19.72,Fine,1.28,4,133.14,Moderate
Clay,13.2,17.04,Fine,1.12,2,94.84,Unsafe
Clay,22.69,18.31,Fine,2.02,4,140.94,Moderate
Sand,33.12,15.31,Medium,2.96,5,294.03,Safe
Clay,22.42,21.47,Medium,1.57,4,145.6,Moderate
Clay,29.09,14.84,Fine,1.16,3,50.0,Unsafe
Clay,35.49,14.76,Coarse,1.94,2,50.0,Unsafe
Clay,31.67,20.05,Medium,1.92,3,106.52,Moderate
Silt,34.95,17.29,Medium,0.52,4,152.53,Moderate
Silt,5.35,20.24,Medium,0.51,3,230.95,Safe
Sand,27.27,20.18,Fine,1.49,3,217.92,Safe
Sand,9.24,19.32,Coarse,1.96,3,321.85,Safe
Gravel,26.28,19.58,Fine,1.82,4,308.82,Safe
Clay,28.16,20.94,Medium,1.91,4,145.4,Moderate
Sand,16.75,20.04,Fine,0.53,1,218.94,Safe
Gravel,34.34,18.04,Coarse,2.92,5,400.0,Safe
Clay,28.71,19.58,Coarse,0.75,5,123.82,Moderate
Sand,10.47,20.61,Medium,2.17,3,262.89,Safe
Silt,36.53,15.64,Fine,2.67,2,160.88,Moderate
Clay,17.94,20.66,Medium,0.51,2,113.27,Moderate
Clay,10.6,16.46,Medium,1.73,2,133.98,Moderate
Sand,15.23,19.99,Coarse,2.76,2,308.72,Safe
Clay,17.36,19.58,Coarse,2.52,4,227.93,Safe
Sand,14.08,16.01,Medium,2.41,2,258.95,Safe
Sand,16.16,15.07,Medium,2.76,1,238.47,Safe
Clay,36.08,20.12,Coarse,0.84,3,93.28,Unsafe
Sand,7.4,14.8,Medium,1.9,3,220.34,Safe
Sand,34.18,17.63,Fine,1.36,5,216.31,Safe
Clay,11.42,14.85,Fine,1.1,2,88.99,Unsafe
Clay,35.1,15.29,Medium,1.22,4,50.0,Unsafe
Clay,31.63,21.08,Medium,1.73,4,134.51,Moderate
Silt,32.18,16.78,Medium,0.77,5,152.55,Moderate
Sand,17.94,20.13,Medium,0.84,3,282.07,Safe
Silt,34.4,17.45,Medium,1.68,2,156.67,Moderate
Clay,15.43,20.99,Fine,1.82,5,196.79,Moderate
Sand,30.92,18.8,Medium,2.02,4,296.84,Safe
Sand,27.79,18.59,Medium,2.71,2,308.82,Safe
Silt,33.59,15.63,Fine,1.7,1,138.92,Moderate
Clay,23.06,18.6,Medium,1.89,1,135.8,Moderate
Clay,7.51,15.57,Fine,0.94,3,100.53,Moderate
Sand,28.59,21.28,Fine,2.28,1,239.51,Safe
Sand,20.28,20.64,Fine,2.45,5,272.07,Safe
Clay,23.46,15.78,Fine,0.75,5,75.0,Unsafe
Gravel,31.79,14.59,Coarse,0.92,1,312.73,Safe
Sand,5.5,19.15,Coarse,1.3,4,354.1,Safe
Clay,38.52,14.45,Fine,1.59,4,50.0,Unsafe
Clay,36.24,19.8,Medium,2.3,3,111.83,Moderate
Sand,6.11,14.77,Coarse,2.71,4,261.76,Safe
Silt,7.49,16.39,Coarse,1.54,1,202.83,Safe
Clay,22.79,17.04,Fine,1.47,3,82.89,Unsafe
Sand,39.85,21.28,Medium,1.56,4,262.72,Safe
Silt,19.16,20.56,Medium,2.18,3,257.58,Safe
Clay,29.02,21.79,Fine,2.1,4,136.8,Moderate
Silt,32.02,15.85,Medium,1.0,5,141.96,Moderate
Sand,21.41,20.59,Fine,0.54,4,243.59,Safe
Clay,28.37,15.25,Fine,1.07,4,53.96,Unsafe
Clay,12.38,18.64,Coarse,1.97,4,213.08,Safe
Clay,5.05,21.57,Coarse,2.22,5,327.58,Safe
Gravel,35.47,16.68,Coarse,2.69,2,317.49,Safe
Sand,33.18,17.39,Fine,2.42,5,245.75,Safe
Silt,21.25,21.73,Medium,1.3,1,208.22,Safe
Sand,8.59,20.53,Fine,1.27,5,274.81,Safe
Clay,39.0,15.05,Medium,0.55,3,50.0,Unsafe
Sand,7.72,20.4,Fine,0.97,4,285.81,Safe
Sand,7.69,21.5,Medium,0.83,4,246.75,Safe
Sand,22.07,21.82,Fine,0.57,2,218.7,Safe
Clay,22.37,16.76,Medium,1.91,3,100.18,Moderate
Clay,25.94,16.51,Fine,2.72,4,112.04,Moderate
Sand,10.65,17.48,Fine,2.55,5,226.4,Safe
Gravel,15.23,19.44,Medium,0.9,1,296.22,Safe
Sand,23.74,15.23,Coarse,0.71,4,194.91,Moderate
Sand,21.67,21.09,Medium,2.32,3,259.53,Safe
Sand,24.55,14.76,Medium,1.2,4,181.38,Moderate
Silt,13.13,14.64,Medium,0.53,1,107.42,Moderate
Gravel,23.32,17.8,Coarse,0.81,3,339.98,Safe
Sand,9.04,20.44,Coarse,1.17,2,346.75,Safe
Clay,9.15,20.42,Coarse,2.82,4,291.72,Safe
Silt,23.56,16.11,Medium,0.72,5,180.91,Moderate
Gravel,32.61,20.5,Fine,1.75,1,278.69,Safe
Sand,37.16,14.24,Medium,2.19,5,208.91,Safe
Clay,21.94,15.45,Fine,1.72,1,78.11,Unsafe
Clay,8.24,14.05,Coarse,2.33,4,152.04,Moderate
Clay,8.55,15.25,Coarse,0.68,5,140.13,Moderate
Sand,7.27,18.76,Fine,0.53,5,227.85,Safe
Clay,16.39,21.44,Medium,0.64,4,139.4,Moderate
Sand,28.07,20.2,Medium,0.95,1,246.78,Safe
Silt,34.69,21.97,Coarse,1.9,5,272.62,Safe
Silt,11.93,17.05,Coarse,0.64,5,219.25,Safe
Clay,13.79,16.02,Medium,2.72,3,152.96,Moderate
Clay,25.24,14.11,Coarse,2.59,2,99.35,Unsafe
Silt,29.31,20.93,Coarse,2.19,1,273.35,Safe
Gravel,8.56,17.07,Medium,2.73,5,328.23,Safe
Sand,16.42,14.7,Fine,0.93,4,180.01,Moderate
Clay,24.13,20.08,Fine,2.55,3,156.17,Moderate
Silt,37.87,15.18,Fine,1.1,3,123.87,Moderate
Gravel,7.36,14.32,Medium,1.89,3,261.12,Safe
Clay,19.33,14.09,Medium,2.94,5,132.97,Moderate
Sand,33.49,14.01,Fine,2.74,5,185.83,Moderate
Silt,7.19,17.66,Fine,3.0,1,190.18,Moderate
Silt,23.58,16.09,Coarse,2.63,4,234.73,Safe
Clay,35.66,21.04,Medium,0.93,4,111.22,Moderate
Sand,7.28,19.85,Fine,1.29,1,202.46,Safe
Sand,33.09,14.08,Fine,2.76,1,210.88,Safe
Clay,10.0,21.57,Medium,2.21,2,214.41,Safe
Sand,28.8,21.07,Medium,2.44,1,307.67,Safe
Sand,31.64,20.26,Fine,2.13,1,217.63,Safe
Silt,36.35,16.78,Fine,2.36,1,137.07,Moderate
Sand,23.67,18.81,Coarse,2.46,4,308.97,Safe
Sand,28.21,16.57,Medium,0.75,5,195.12,Moderate
Clay,5.05,17.66,Coarse,2.61,5,214.85,Safe
Clay,19.34,15.0,Medium,0.86,5,90.86,Unsafe
Silt,25.1,18.89,Fine,2.59,2,223.62,Safe
Sand,29.66,17.14,Medium,0.81,3,238.79,Safe
Sand,39.9,18.62,Coarse,1.54,2,249.32,Safe
Clay,31.28,19.16,Medium,2.13,5,129.33,Moderate
Clay,27.97,18.01,Medium,2.31,4,139.85,Moderate
Sand,25.98,14.44,Fine,1.48,4,171.69,Moderate
Clay,19.1,15.81,Medium,1.89,1,97.72,Unsafe
Silt,12.44,20.45,Coarse,2.76,2,309.6,Safe
Clay,18.37,15.4,Coarse,1.69,5,155.49,Moderate
Sand,19.27,18.77,Coarse,2.56,2,329.16,Safe
Sand,12.63,18.33,Fine,2.39,2,271.89,Safe
Sand,20.04,18.53,Fine,0.66,1,215.52,Safe
Sand,17.4,14.55,Fine,2.51,4,215.21,Safe
Clay,14.24,17.75,Medium,1.41,2,124.28,Moderate
Silt,23.92,15.92,Fine,2.59,3,183.97,Moderate
Clay,23.13,17.77,Fine,1.76,2,112.99,Moderate
Sand,35.18,15.36,Coarse,2.58,4,267.23,Safe
Gravel,7.08,15.74,Coarse,1.32,2,371.8,Safe
Clay,31.76,21.66,Medium,2.46,2,161.61,Moderate
Silt,26.1,19.61,Coarse,0.76,1,191.06,Moderate
Silt,17.49,19.82,Coarse,1.15,2,224.32,Safe
Sand,24.62,16.69,Coarse,2.78,5,326.15,Safe
Sand,29.74,17.06,Fine,1.9,2,234.17,Safe
Silt,25.22,15.17,Medium,0.69,3,123.65,Moderate
Sand,7.65,18.04,Fine,0.82,5,234.34,Safe
Sand,30.43,19.13,Coarse,1.09,5,250.76,Safe
Gravel,38.81,16.8,Medium,0.97,2,249.41,Safe
Sand,17.61,20.05,Medium,1.92,2,235.78,Safe
Clay,18.83,21.93,Coarse,2.96,4,273.16,Safe
Sand,37.81,17.51,Medium,1.0,5,194.25,Moderate
Sand,5.0,21.92,Coarse,2.3,2,341.71,Safe
Clay,32.23,20.53,Medium,1.7,5,120.83,Moderate
Clay,8.53,21.99,Fine,2.48,5,202.89,Safe
Silt,26.68,14.46,Medium,2.95,4,182.8,Moderate
Silt,38.97,21.63,Coarse,0.96,3,232.94,Safe
Clay,24.57,18.57,Medium,2.63,2,129.38,Moderate
Sand,13.63,17.1,Medium,0.6,3,221.39,Safe
Silt,12.05,17.31,Coarse,1.47,3,228.69,Safe
Clay,33.87,15.49,Coarse,0.86,1,50.0,Unsafe
Silt,27.06,17.16,Medium,0.78,5,201.17,Safe
Clay,9.57,17.21,Medium,2.54,1,166.51,Moderate
Silt,31.49,19.61,Fine,2.95,2,228.26,Safe
Clay,21.69,21.65,Coarse,2.99,1,208.2,Safe
Sand,38.53,21.18,Medium,1.93,5,283.65,Safe
Silt,38.72,16.81,Fine,2.55,5,190.0,Moderate
Silt,10.66,15.46,Fine,2.63,3,205.21,Safe
Sand,14.62,21.34,Fine,3.0,5,332.82,Safe
Clay,16.44,16.25,Medium,1.21,1,97.17,Unsafe
Silt,14.95,15.36,Coarse,1.95,3,199.32,Moderate
Sand,34.76,15.12,Medium,2.38,5,273.49,Safe
Clay,20.9,20.76,Fine,1.61,4,158.81,Moderate
Sand,26.92,17.61,Medium,2.0,4,236.98,Safe
Sand,36.04,18.78,Medium,2.87,4,328.16,Safe
Clay,38.63,15.33,Coarse,1.69,2,50.0,Unsafe
Gravel,31.18,16.81,Medium,1.0,3,323.3,Safe
Sand,32.93,18.32,Coarse,2.64,2,300.14,Safe
Silt,6.83,20.43,Fine,0.59,5,221.3,Safe
Sand,30.81,14.22,Fine,2.49,1,177.89,Moderate
Gravel,21.59,17.25,Medium,1.8,2,287.03,Safe
Silt,32.31,21.13,Medium,2.71,2,269.31,Safe
Gravel,37.42,15.42,Coarse,2.08,4,343.84,Safe
Silt,23.83,16.78,Fine,2.73,3,183.77,Moderate
Sand,31.91,15.73,Medium,2.53,1,249.87,Safe
Clay,34.47,21.19,Fine,1.86,1,97.99,Unsafe
Sand,12.41,18.02,Medium,2.4,3,296.71,Safe
Sand,35.09,14.07,Medium,1.62,5,231.1,Safe
Silt,10.58,18.2,Medium,3.0,4,236.63,Safe
Sand,19.79,20.08,Medium,2.51,3,284.95,Safe
Sand,33.78,17.22,Coarse,2.06,5,324.43,Safe
Sand,35.58,16.85,Fine,2.34,5,259.34,Safe
Silt,14.72,18.38,Medium,2.08,5,238.91,Safe
Silt,27.98,17.89,Medium,1.81,4,191.22,Moderate
Silt,27.9,21.73,Fine,1.7,3,208.37,Safe
Clay,35.2,17.74,Coarse,0.56,5,60.92,Unsafe
Silt,18.7,17.54,Coarse,1.52,4,211.84,Safe
Clay,28.75,14.83,Coarse,1.89,3,85.17,Unsafe
Sand,20.67,14.39,Coarse,2.01,3,268.12,Safe
Sand,20.41,19.83,Coarse,2.65,3,318.68,Safe
Sand,25.97,14.55,Medium,0.58,5,208.24,Safe
Clay,19.68,14.9,Fine,0.89,2,64.76,Unsafe
Clay,22.25,20.24,Fine,1.96,1,143.81,Moderate
Silt,33.78,15.82,Fine,2.33,2,157.42,Moderate
Sand,11.57,14.69,Coarse,2.3,3,236.32,Safe
Gravel,31.75,15.14,Coarse,0.57,1,304.65,Safe
Sand,20.29,14.95,Medium,2.01,1,176.46,Moderate
Silt,7.03,16.86,Coarse,0.6,1,196.56,Moderate
Gravel,14.5,16.37,Medium,2.44,2,353.7,Safe
Clay,5.43,19.38,Fine,1.12,1,125.68,Moderate
Sand,37.11,17.67,Medium,1.23,2,201.87,Safe
Clay,33.78,19.54,Coarse,1.63,5,116.83,Moderate
Clay,17.99,16.73,Fine,2.08,5,137.92,Moderate
Clay,7.9,14.11,Fine,1.57,4,105.39,Moderate
Clay,15.6,17.44,Medium,1.06,2,98.01,Unsafe
Sand,6.75,21.48,Medium,1.36,1,283.67,Safe
Sand,14.67,14.7,Medium,2.88,1,218.42,Safe
Sand,19.06,17.21,Coarse,2.56,3,318.14,Safe
Sand,13.4,20.95,Fine,1.98,4,287.78,Safe
Clay,19.66,18.45,Coarse,0.71,4,157.23,Moderate
Clay,15.11,20.89,Coarse,2.9,3,253.11,Safe
Clay,15.89,21.71,Fine,1.14,4,161.49,Moderate
Silt,31.19,20.78,Fine,2.02,3,190.33,Moderate
Silt,38.51,21.86,Fine,1.16,5,183.93,Moderate
Silt,30.03,20.91,Fine,1.31,4,205.65,Safe
Clay,14.49,15.9,Medium,2.7,4,152.28,Moderate
Silt,29.35,16.75,Coarse,2.5,5,239.24,Safe
Silt,27.73,18.66,Coarse,1.28,1,207.0,Safe
Clay,31.57,15.86,Coarse,2.52,3,106.7,Moderate
Sand,5.19,16.66,Fine,0.52,5,230.09,Safe
Silt,36.26,20.27,Fine,1.97,5,241.15,Safe
Clay,22.19,15.73,Medium,0.93,4,77.05,Unsafe
Clay,7.75,19.79,Medium,0.86,1,154.55,Moderate
Silt,16.6,16.16,Medium,0.58,3,131.29,Moderate
Clay,28.67,18.71,Medium,1.67,2,96.83,Unsafe
Sand,36.84,19.51,Coarse,2.99,4,339.95,Safe
Sand,15.73,18.83,Fine,0.61,1,213.6,Safe
Clay,10.31,17.53,Coarse,2.82,4,253.14,Safe
Silt,38.72,19.88,Fine,0.74,2,162.4,Moderate
Silt,5.35,19.93,Coarse,0.96,5,301.42,Safe
Clay,17.55,15.35,Fine,2.71,3,124.96,Moderate
Clay,8.1,18.7,Medium,1.94,5,219.22,Safe
Gravel,31.1,21.58,Fine,2.5,5,391.23,Safe
Clay,36.22,21.65,Fine,1.74,2,99.13,Unsafe
Gravel,6.36,16.84,Coarse,2.69,1,400.0,Safe
Silt,7.55,18.19,Medium,2.44,1,192.13,Moderate
Sand,35.92,21.53,Fine,2.13,5,316.01,Safe
Silt,6.82,14.85,Coarse,2.64,1,191.95,Moderate
Sand,38.07,20.59,Coarse,1.44,2,295.72,Safe
Clay,19.8,21.58,Medium,2.53,4,197.9,Moderate
Silt,6.47,15.23,Fine,1.42,1,152.81,Moderate
Clay,33.79,15.48,Fine,0.91,1,50.0,Unsafe
Sand,10.68,21.51,Coarse,2.39,4,335.52,Safe
Silt,11.5,17.57,Coarse,1.97,2,207.61,Safe
Silt,36.13,17.87,Fine,3.0,4,202.74,Safe
Sand,35.6,18.0,Coarse,2.6,2,294.43,Safe
Clay,34.93,15.99,Coarse,2.32,3,75.29,Unsafe
Sand,8.32,21.86,Fine,1.01,5,272.39,Safe
Sand,39.87,20.38,Medium,1.24,5,241.76,Safe
Gravel,30.81,18.57,Coarse,2.3,4,400.0,Safe
Sand,20.49,17.6,Fine,0.62,5,217.24,Safe
Clay,24.06,21.43,Coarse,2.1,3,206.57,Safe
Silt,7.19,16.22,Coarse,2.74,1,228.9,Safe
Sand,20.12,21.27,Coarse,0.68,3,260.77,Safe
Clay,31.43,16.72,Coarse,2.0,5,103.15,Moderate
Gravel,8.71,19.57,Coarse,1.94,2,353.3,Safe
Sand,20.41,19.31,Medium,0.53,5,257.49,Safe
Silt,17.35,18.09,Medium,0.97,2,170.4,Moderate
Clay,10.69,14.87,Medium,2.34,3,160.99,Moderate
Clay,32.76,20.13,Fine,2.33,2,101.82,Moderate
Gravel,24.64,14.26,Medium,1.79,3,259.55,Safe
Silt,15.83,21.2,Fine,2.92,2,214.76,Safe
Gravel,17.4,14.42,Medium,1.5,3,293.69,Safe
Gravel,21.6,17.8,Fine,2.26,2,274.76,Safe
Silt,28.23,17.82,Medium,2.47,4,224.53,Safe
Silt,38.74,21.64,Medium,2.96,4,271.11,Safe
Silt,15.27,15.4,Medium,0.59,4,143.91,Moderate
Sand,18.0,20.35,Medium,2.61,1,326.89,Safe
Sand,27.83,15.42,Medium,1.77,2,186.0,Moderate
Sand,31.83,14.45,Fine,0.99,3,181.26,Moderate
Clay,23.15,16.19,Fine,2.64,1,94.61,Unsafe
Sand,6.18,19.54,Coarse,1.14,4,324.33,Safe
Sand,32.11,20.99,Fine,2.45,4,262.69,Safe
Silt,30.32,17.88,Coarse,2.11,5,224.88,Safe
Sand,39.3,20.0,Coarse,2.16,4,274.99,Safe
Clay,18.63,20.67,Fine,1.83,5,150.11,Moderate
Sand,11.89,15.05,Medium,2.27,3,271.07,Safe
Clay,14.11,14.68,Coarse,0.75,1,72.96,Unsafe
Silt,34.61,20.56,Coarse,1.09,5,281.68,Safe
Clay,32.48,18.7,Fine,2.3,2,95.76,Unsafe
Silt,11.21,14.4,Coarse,0.97,3,174.7,Moderate
Sand,38.48,15.13,Medium,1.35,4,170.5,Moderate
Clay,17.52,18.82,Medium,0.9,2,115.41,Moderate
Clay,17.5,20.87,Fine,2.6,5,182.85,Moderate
Gravel,14.11,14.67,Medium,0.92,1,261.03,Safe
Gravel,10.86,17.84,Fine,1.32,4,339.68,Safe
Gravel,14.61,19.4,Coarse,1.86,1,367.02,Safe
Silt,30.6,15.28,Coarse,2.63,2,206.91,Safe
Sand,33.23,17.02,Medium,0.84,2,184.21,Moderate
Sand,28.33,19.93,Fine,2.94,3,298.36,Safe
Sand,26.56,21.69,Fine,2.38,4,252.09,Safe
Clay,35.77,21.53,Medium,2.13,5,157.04,Moderate
Silt,15.31,17.52,Coarse,0.8,3,195.61,Moderate
Sand,39.67,17.35,Fine,2.22,1,181.57,Moderate
Sand,9.99,19.84,Medium,1.49,4,249.35,Safe
Clay,29.86,14.67,Coarse,1.2,1,50.0,Unsafe
Sand,10.4,16.65,Coarse,1.14,4,286.75,Safe
Sand,26.86,20.37,Coarse,1.8,2,315.81,Safe
Sand,26.2,17.83,Fine,0.78,5,222.9,Safe
Clay,6.91,17.38,Coarse,2.35,5,237.41,Safe
Clay,18.72,18.47,Medium,0.76,2,114.96,Moderate
Gravel,19.58,18.76,Medium,2.3,1,293.27,Safe
Clay,20.15,16.5,Medium,0.57,5,102.68,Moderate
Sand,29.59,15.93,Medium,1.89,5,204.72,Safe
Sand,30.16,18.48,Fine,0.75,4,231.91,Safe
Silt,29.58,14.72,Medium,1.19,5,156.17,Moderate
Sand,30.9,15.19,Coarse,2.64,4,261.87,Safe
Sand,21.32,15.56,Fine,1.1,2,199.53,Moderate
Silt,20.48,17.29,Medium,2.32,5,206.53,Safe
Sand,35.57,15.0,Medium,2.83,2,202.31,Safe
Sand,28.62,21.73,Medium,2.77,2,297.99,Safe
Clay,17.24,15.75,Medium,1.39,4,123.79,Moderate
Clay,11.82,14.13,Fine,1.99,5,116.6,Moderate
Sand,33.96,14.64,Coarse,2.64,2,246.78,Safe
Silt,9.01,18.75,Coarse,0.78,1,209.89,Safe
Clay,32.05,17.35,Coarse,1.12,5,90.99,Unsafe
Silt,26.59,16.81,Medium,1.59,5,214.14,Safe
Sand,32.2,20.18,Medium,2.41,1,297.0,Safe
Silt,18.31,15.29,Medium,1.68,4,193.04,Moderate
Clay,9.97,21.41,Medium,1.84,3,195.85,Moderate
Sand,8.25,21.43,Fine,1.75,1,264.83,Safe
Clay,27.7,16.51,Medium,0.8,3,72.06,Unsafe
Gravel,33.38,18.35,Medium,2.97,2,303.77,Safe
Sand,26.27,18.26,Medium,2.51,2,278.68,Safe
Sand,27.13,18.65,Fine,2.6,3,249.12,Safe
Gravel,29.99,14.35,Fine,1.16,3,270.15,Safe
Sand,33.17,17.77,Fine,2.72,3,209.64,Safe
Clay,7.42,14.29,Medium,0.78,3,97.98,Unsafe
Silt,14.69,18.58,Coarse,2.39,5,276.93,Safe
Clay,16.25,14.41,Medium,2.29,3,131.79,Moderate
Sand,28.32,16.24,Coarse,1.61,1,264.0,Safe
Silt,14.59,17.69,Medium,2.97,1,222.16,Safe
Clay,18.03,15.91,Fine,1.21,1,65.97,Unsafe
Clay,17.8,15.37,Fine,2.31,1,84.14,Unsafe
Gravel,7.49,15.14,Fine,0.81,5,282.23,Safe
Silt,38.87,17.52,Medium,2.86,5,225.96,Safe
Clay,23.87,18.04,Medium,1.95,1,106.81,Moderate
Clay,31.31,18.88,Fine,0.81,3,76.84,Unsafe
Clay,31.01,19.37,Medium,0.59,4,75.92,Unsafe
Clay,18.69,15.33,Coarse,1.02,1,73.79,Unsafe
Sand,38.7,15.55,Medium,2.55,3,265.33,Safe
Sand,8.57,17.92,Fine,2.06,3,274.49,Safe
Silt,28.69,20.96,Coarse,0.84,5,237.59,Safe
Clay,12.72,21.27,Coarse,0.94,5,205.96,Safe
Gravel,8.69,19.72,Coarse,2.23,5,400.0,Safe
Sand,18.57,20.15,Coarse,2.29,2,337.99,Safe
Sand,36.41,17.46,Fine,1.62,3,218.84,Safe
Sand,22.11,16.84,Medium,2.24,1,209.48,Safe
Sand,14.4,17.24,Coarse,2.4,1,316.15,Safe
Clay,15.77,21.8,Medium,1.38,5,193.65,Moderate
Clay,18.62,14.06,Coarse,2.51,1,97.17,Unsafe
Silt,12.17,15.25,Fine,2.98,1,177.41,Moderate
Sand,33.74,19.44,Medium,0.76,5,275.52,Safe
Silt,36.49,20.59,Coarse,1.41,5,291.94,Safe
Silt,22.77,21.38,Coarse,1.18,2,245.62,Safe
Sand,20.62,16.62,Fine,1.6,5,207.96,Safe
Silt,11.86,14.36,Coarse,2.51,5,213.2,Safe
Silt,22.07,16.82,Fine,1.88,4,173.76,Moderate
Sand,27.13,18.03,Medium,1.41,5,217.58,Safe
Clay,15.99,17.73,Coarse,2.64,4,229.45,Safe
Sand,18.45,16.7,Fine,0.54,1,162.13,Moderate
Sand,15.09,21.29,Coarse,0.53,4,338.06,Safe
Silt,33.76,17.79,Medium,1.88,5,215.52,Safe
Clay,35.9,14.17,Coarse,2.02,1,50.0,Unsafe
Gravel,34.77,18.25,Fine,0.65,2,238.93,Safe
Sand,39.47,20.75,Medium,1.2,3,252.84,Safe
Clay,5.82,18.91,Fine,1.6,4,158.54,Moderate
Sand,6.31,21.86,Medium,1.75,4,311.13,Safe
Silt,19.74,16.74,Fine,2.1,3,176.24,Moderate
Sand,10.38,21.9,Fine,1.99,5,308.28,Safe
Silt,30.45,20.86,Coarse,2.54,4,266.13,Safe
Clay,13.64,21.51,Fine,2.85,5,246.31,Safe
Sand,26.24,16.06,Coarse,2.17,3,251.65,Safe
Silt,33.32,21.59,Coarse,2.26,4,309.45,Safe
Gravel,29.76,18.04,Fine,2.82,2,347.69,Safe
Sand,11.46,18.77,Medium,1.8,2,248.54,Safe
Silt,32.32,18.1,Coarse,0.94,3,222.71,Safe
Silt,8.22,20.47,Fine,2.67,5,271.46,Safe
Silt,17.67,17.22,Fine,1.82,5,177.32,Moderate
Gravel,15.84,20.27,Coarse,2.1,2,400.0,Safe
Sand,32.47,20.06,Coarse,1.87,5,362.23,Safe
Silt,15.92,15.07,Medium,0.7,5,169.09,Moderate
Sand,18.88,16.38,Fine,1.59,3,226.78,Safe
Silt,8.34,18.0,Medium,2.6,2,202.03,Safe
Clay,13.75,20.71,Coarse,2.84,2,236.97,Safe
Silt,10.14,14.73,Medium,1.9,5,215.14,Safe
Clay,5.29,19.61,Medium,0.78,2,145.71,Moderate
Clay,24.93,17.1,Medium,0.92,3,77.9,Unsafe
Sand,12.08,21.19,Medium,1.69,2,296.19,Safe
Clay,36.83,15.21,Fine,2.96,2,62.61,Unsafe
Clay,9.48,16.0,Fine,1.18,5,115.77,Moderate
Silt,22.52,15.48,Fine,0.82,1,127.47,Moderate
Silt,28.27,20.97,Coarse,1.23,2,205.03,Safe
Sand,38.53,19.91,Fine,1.54,5,210.69,Safe
Silt,38.43,18.84,Medium,1.77,5,232.07,Safe
Silt,24.43,16.76,Coarse,1.15,2,204.19,Safe
Sand,29.38,19.33,Coarse,2.55,1,338.28,Safe
Clay,7.35,18.92,Fine,2.89,2,188.6,Moderate
Clay,39.92,20.52,Coarse,2.17,1,89.07,Unsafe
Clay,17.92,16.59,Fine,2.46,5,144.6,Moderate
Clay,5.89,16.28,Fine,1.29,4,140.48,Moderate
Silt,33.24,15.91,Fine,1.08,5,141.64,Moderate
Sand,25.01,14.13,Fine,1.98,5,203.37,Safe
Sand,17.61,17.32,Coarse,0.88,2,269.5,Safe
Silt,22.68,17.2,Coarse,1.19,5,201.18,Safe
Sand,10.53,21.32,Medium,2.6,5,356.35,Safe
Sand,18.01,19.01,Fine,2.88,1,251.62,Safe
Clay,25.4,14.2,Fine,2.03,5,88.06,Unsafe
Sand,33.13,21.57,Coarse,1.39,5,325.56,Safe
Clay,15.72,18.66,Medium,2.66,2,189.32,Moderate
Clay,37.64,21.69,Medium,1.68,1,89.38,Unsafe
Silt,33.0,20.2,Fine,2.69,1,238.18,Safe
Gravel,6.81,20.88,Coarse,1.01,4,400.0,Safe
Gravel,16.86,14.22,Fine,0.58,5,221.09,Safe
Clay,12.95,16.17,Coarse,1.77,5,179.86,Moderate
Gravel,30.58,17.73,Fine,0.64,4,230.65,Safe
Clay,30.96,20.48,Fine,2.07,4,146.86,Moderate
Gravel,32.75,19.9,Fine,1.6,2,273.52,Safe
Clay,25.89,19.29,Medium,1.12,2,118.92,Moderate
Clay,7.29,14.4,Fine,2.22,1,116.02,Moderate
Gravel,20.65,17.54,Fine,1.77,2,288.03,Safe
Clay,5.31,14.69,Medium,0.51,3,94.83,Unsafe
Clay,21.06,21.05,Medium,0.72,1,127.79,Moderate
Silt,7.76,19.28,Coarse,2.25,4,252.15,Safe
Silt,14.41,20.35,Fine,0.74,2,153.56,Moderate
Silt,35.29,16.56,Medium,2.08,2,162.63,Moderate
Sand,39.27,20.3,Medium,1.11,4,255.76,Safe
Clay,18.53,21.26,Fine,2.98,5,231.83,Safe
Sand,20.79,21.03,Coarse,2.54,4,389.81,Safe
Gravel,7.33,21.4,Fine,1.57,3,300.42,Safe
Sand,29.28,16.86,Medium,1.81,5,273.76,Safe
Sand,6.83,16.63,Coarse,1.91,1,272.47,Safe
Clay,24.01,21.52,Medium,1.49,4,177.47,Moderate
Silt,13.36,15.35,Coarse,2.68,2,193.48,Moderate
Clay,15.41,19.0,Medium,1.07,2,125.67,Moderate
Sand,38.84,20.02,Fine,1.16,2,195.22,Moderate
Clay,39.46,18.41,Medium,1.58,3,55.82,Unsafe
Sand,31.3,14.26,Coarse,0.85,4,218.74,Safe
Sand,18.21,16.52,Fine,0.72,2,182.79,Moderate
Silt,25.33,19.32,Medium,0.77,4,166.92,Moderate
Sand,24.79,20.47,Medium,1.84,3,295.89,Safe
Clay,5.51,18.43,Coarse,2.58,5,232.48,Safe
Silt,27.86,20.54,Fine,0.78,4,163.63,Moderate
Clay,8.38,19.38,Coarse,0.75,2,172.14,Moderate
Clay,14.11,21.18,Medium,2.7,5,254.3,Safe
Clay,31.56,20.71,Fine,1.92,3,128.59,Moderate
Silt,29.83,17.44,Coarse,0.64,4,172.04,Moderate
Clay,22.1,21.52,Fine,0.59,1,104.67,Moderate
Silt,25.59,14.49,Fine,1.6,4,146.4,Moderate
Sand,18.93,20.48,Medium,0.96,5,294.09,Safe
Silt,35.34,18.09,Medium,2.1,5,194.72,Moderate
Sand,29.96,15.67,Fine,2.9,2,220.95,Safe
Sand,24.34,19.16,Coarse,1.13,4,293.19,Safe
Clay,36.16,18.37,Fine,2.67,4,105.7,Moderate
Sand,38.43,19.41,Medium,1.03,2,251.79,Safe
Clay,38.88,14.7,Coarse,1.88,5,56.5,Unsafe
Clay,32.43,15.59,Fine,1.45,5,71.48,Unsafe
Clay,13.45,16.07,Fine,2.61,1,119.1,Moderate
Clay,24.34,17.66,Medium,0.67,2,81.79,Unsafe
Clay,38.76,18.25,Medium,0.95,1,50.0,Unsafe
Clay,13.47,15.77,Medium,2.64,4,140.86,Moderate
Clay,33.16,20.06,Coarse,2.89,1,154.8,Moderate
Clay,27.27,16.37,Fine,0.9,3,65.26,Unsafe
Clay,8.87,21.82,Medium,0.57,4,174.38,Moderate
Sand,38.9,15.54,Coarse,1.09,1,225.77,Safe
Clay,25.43,17.89,Coarse,2.07,3,152.5,Moderate
Clay,19.34,17.42,Coarse,2.57,1,176.58,Moderate
Clay,19.62,16.13,Medium,1.44,5,133.97,Moderate
Clay,25.32,16.3,Medium,1.34,3,72.13,Unsafe
Sand,22.44,20.03,Fine,0.59,3,189.36,Moderate
Sand,22.3,15.3,Fine,0.63,5,175.86,Moderate
Sand,21.49,14.8,Medium,2.65,4,264.51,Safe
Silt,11.49,20.35,Fine,2.65,4,279.95,Safe
Sand,14.25,14.87,Coarse,2.15,1,263.7,Safe
Silt,8.59,14.43,Medium,0.95,5,171.26,Moderate
Sand,20.7,21.92,Medium,1.26,5,295.36,Safe
Silt,11.83,18.61,Fine,1.4,3,171.05,Moderate
Clay,35.67,16.62,Fine,1.62,2,50.0,Unsafe
Sand,14.3,14.19,Coarse,0.93,4,206.89,Safe
Sand,26.44,19.7,Coarse,2.96,1,378.07,Safe
Clay,36.15,19.43,Fine,1.54,4,95.05,Unsafe
Sand,15.54,16.34,Coarse,2.47,5,298.01,Safe
Clay,33.89,19.91,Medium,0.5,1,60.05,Unsafe
Silt,26.99,21.36,Fine,2.13,3,197.69,Moderate
Sand,15.34,18.45,Fine,2.86,5,319.24,Safe
Clay,19.64,19.92,Fine,2.06,2,123.69,Moderate
Sand,37.23,20.89,Coarse,0.91,3,302.09,Safe
Sand,13.04,15.57,Fine,2.34,5,260.8,Safe
Clay,32.81,20.93,Coarse,0.69,1,90.16,Unsafe
Clay,21.42,16.23,Medium,2.98,4,169.2,Moderate
Gravel,22.27,14.56,Fine,2.14,3,305.07,Safe
Sand,21.92,20.98,Coarse,0.81,5,334.37,Safe
Silt,5.11,20.68,Medium,1.17,1,229.18,Safe
Clay,21.05,18.12,Fine,1.59,5,134.78,Moderate
Silt,8.44,21.76,Fine,1.48,4,204.39,Safe
Clay,22.7,19.8,Coarse,0.66,4,121.12,Moderate
Clay,7.53,18.33,Medium,0.86,2,126.75,Moderate
Clay,23.25,20.1,Fine,1.29,1,113.14,Moderate
Sand,24.87,20.94,Fine,1.75,1,239.9,Safe
Silt,34.39,15.93,Medium,1.47,4,163.25,Moderate
Clay,36.01,18.85,Fine,2.31,1,88.99,Unsafe
Sand,15.12,18.67,Medium,2.86,4,307.47,Safe
Silt,38.46,19.13,Fine,0.68,4,184.09,Moderate
Silt,22.98,15.52,Medium,2.9,3,210.11,Safe
Gravel,15.03,20.27,Coarse,0.82,4,400.0,Safe
Clay,12.24,17.83,Coarse,2.69,1,177.45,Moderate
Clay,31.86,20.93,Fine,2.78,5,145.06,Moderate
Sand,5.78,16.61,Coarse,2.22,5,310.25,Safe
Sand,20.0,19.17,Fine,1.68,3,238.32,Safe
Silt,35.19,16.64,Medium,1.07,5,168.57,Moderate
Silt,32.8,17.13,Fine,2.36,4,195.19,Moderate
Clay,36.59,18.32,Medium,1.68,3,78.31,Unsafe
Gravel,7.02,15.97,Fine,2.37,2,282.83,Safe
Clay,7.3,20.0,Fine,1.73,2,164.1,Moderate
Sand,17.27,14.85,Fine,1.43,5,195.04,Moderate
Gravel,32.05,16.26,Coarse,2.78,5,400.0,Safe
Clay,11.27,18.28,Fine,1.23,1,114.67,Moderate
Sand,20.17,17.59,Medium,1.83,4,262.55,Safe
Silt,25.61,16.76,Fine,0.57,2,125.44,Moderate
Silt,15.58,21.48,Fine,0.68,1,168.0,Moderate
Gravel,7.42,20.2,Fine,2.41,3,325.93,Safe
Clay,24.19,16.54,Medium,2.91,5,135.92,Moderate
Sand,32.95,20.34,Medium,2.18,3,308.66,Safe
Clay,35.03,20.41,Medium,2.24,3,126.29,Moderate
Sand,7.51,21.68,Fine,1.25,4,253.01,Safe
Silt,12.13,19.42,Medium,1.71,4,256.75,Safe
Gravel,38.74,17.15,Coarse,1.58,1,326.25,Safe
Clay,22.67,21.24,Coarse,1.25,2,182.32,Moderate
Sand,10.6,19.42,Fine,1.2,5,244.39,Safe
Sand,6.16,15.79,Coarse,2.63,4,294.26,Safe
Sand,8.09,18.31,Coarse,2.84,1,285.42,Safe
Sand,22.41,14.38,Medium,2.6,3,242.8,Safe
Silt,29.68,18.1,Coarse,2.51,3,236.49,Safe
Gravel,8.78,16.07,Fine,1.24,2,281.52,Safe
Sand,5.53,16.85,Fine,1.13,5,248.52,Safe
Clay,34.47,18.92,Medium,0.73,4,78.52,Unsafe
Silt,27.83,18.83,Medium,1.51,5,241.31,Safe
Clay,18.45,14.33,Coarse,2.69,1,139.22,Moderate
Clay,16.84,14.32,Fine,2.45,4,107.33,Moderate
Clay,11.27,14.85,Medium,2.37,2,136.17,Moderate
Clay,24.62,17.57,Fine,1.11,1,62.62,Unsafe
Silt,23.18,15.45,Fine,2.34,4,162.56,Moderate
Sand,18.43,16.3,Fine,3.0,5,249.99,Safe
Sand,32.18,18.08,Fine,1.16,3,179.46,Moderate
Clay,25.41,17.68,Coarse,0.66,3,103.23,Moderate
Clay,29.29,19.08,Fine,2.26,3,112.18,Moderate
Silt,28.34,16.2,Medium,2.77,4,233.72,Safe
Gravel,28.08,15.81,Medium,2.27,2,333.36,Safe
Clay,15.6,21.37,Coarse,2.49,3,268.69,Safe
Sand,23.93,21.18,Medium,1.46,2,292.19,Safe
Clay,10.8,15.68,Medium,1.37,3,109.36,Moderate
Clay,36.29,16.9,Coarse,0.97,4,55.41,Unsafe
Silt,23.54,16.05,Coarse,1.75,5,243.23,Safe
Clay,27.46,15.34,Coarse,1.7,4,105.91,Moderate
Sand,35.83,14.31,Fine,0.85,1,152.76,Moderate
Silt,25.18,16.26,Coarse,2.98,4,279.64,Safe
Clay,34.3,17.2,Medium,2.53,5,125.94,Moderate
Clay,15.7,14.08,Fine,2.3,5,110.53,Moderate
Gravel,35.01,19.38,Medium,0.83,1,312.42,Safe
Sand,20.08,16.52,Coarse,1.19,1,227.12,Safe
Clay,12.5,16.71,Medium,0.61,4,129.75,Moderate
Sand,29.37,15.47,Medium,1.51,4,194.09,Moderate
Sand,29.75,18.83,Medium,2.05,2,258.91,Safe
Clay,9.61,14.2,Coarse,1.57,4,143.76,Moderate
Sand,37.94,14.96,Fine,2.38,4,212.08,Safe
Silt,24.62,14.41,Fine,0.83,3,105.95,Moderate
Sand,11.97,16.84,Fine,1.3,4,226.46,Safe
Clay,20.42,17.3,Medium,1.9,4,130.45,Moderate
Gravel,16.63,16.95,Coarse,2.84,2,364.71,Safe
Clay,5.15,17.8,Coarse,0.98,5,179.92,Moderate
Clay,37.03,17.45,Fine,2.84,4,82.96,Unsafe
Sand,26.69,21.48,Fine,1.11,5,277.74,Safe
Silt,38.03,21.27,Medium,2.56,4,289.54,Safe
Gravel,14.89,18.83,Coarse,0.8,2,311.76,Safe
Sand,21.07,16.04,Medium,1.5,1,188.9,Moderate
Sand,29.99,18.2,Medium,2.16,2,272.31,Safe
Sand,13.98,16.68,Fine,1.35,3,203.34,Safe
Clay,32.94,16.45,Coarse,2.03,2,91.53,Unsafe
Sand,17.5,19.94,Fine,0.6,4,219.6,Safe
Gravel,13.83,15.64,Medium,1.07,3,308.25,Safe
Sand,39.06,20.28,Medium,0.85,4,259.12,Safe
Clay,22.61,17.79,Fine,2.6,2,126.75,Moderate
Sand,18.57,20.38,Medium,2.22,5,320.13,Safe
Clay,17.44,21.47,Medium,1.79,3,157.22,Moderate
Sand,13.01,19.53,Coarse,0.91,1,248.73,Safe
Clay,19.58,14.48,Fine,2.44,1,93.33,Unsafe
Silt,22.69,19.1,Medium,2.34,5,283.17,Safe
Sand,5.05,18.4,Fine,1.51,3,201.68,Safe
Clay,30.53,21.84,Medium,2.52,4,186.75,Moderate
Silt,25.2,19.64,Coarse,1.94,3,290.23,Safe
Silt,35.9,17.75,Fine,1.58,2,176.22,Moderate
Clay,17.99,15.03,Medium,1.37,5,107.74,Moderate
Clay,5.68,19.94,Fine,1.34,5,193.18,Moderate
Sand,9.02,17.26,Coarse,2.91,1,269.96,Safe
Silt,33.25,16.29,Fine,2.65,1,147.16,Moderate
Sand,5.76,20.57,Medium,1.84,2,281.21,Safe
Silt,24.82,18.87,Coarse,0.51,2,172.64,Moderate
Clay,18.14,20.42,Medium,0.68,4,143.02,Moderate
Clay,20.19,21.08,Coarse,2.16,3,232.6,Safe
Clay,33.22,16.99,Coarse,1.77,1,73.87,Unsafe
Sand,6.05,21.15,Fine,2.74,3,306.12,Safe
Clay,12.62,16.28,Fine,1.12,1,102.03,Moderate
Silt,39.34,15.65,Medium,2.83,5,177.48,Moderate
Clay,7.19,18.44,Fine,2.35,1,147.42,Moderate
Sand,33.67,20.06,Coarse,2.14,2,269.47,Safe
Sand,27.27,21.88,Fine,2.18,2,239.53,Safe
Clay,27.48,15.3,Fine,0.83,4,52.91,Unsafe
Sand,20.05,18.25,Coarse,1.22,5,304.27,Safe
Sand,14.85,21.17,Fine,1.42,4,227.29,Safe
Sand,35.86,15.65,Coarse,2.95,1,278.98,Safe
Clay,18.11,20.03,Medium,2.9,3,218.93,Safe
Silt,17.15,18.05,Fine,2.38,4,216.66,Safe
Gravel,10.0,19.27,Medium,1.64,2,353.4,Safe
Silt,33.12,14.5,Fine,0.67,3,99.0,Unsafe
Sand,28.72,15.08,Fine,2.58,5,241.34,Safe
Gravel,31.19,17.87,Coarse,1.46,1,322.5,Safe
Sand,11.13,19.76,Coarse,2.39,4,365.45,Safe
Sand,22.87,21.0,Coarse,2.92,3,346.44,Safe
Silt,8.2,15.56,Coarse,1.54,2,214.67,Safe
Sand,27.54,16.0,Coarse,0.99,5,223.33,Safe
Sand,12.12,14.95,Coarse,1.21,4,279.59,Safe
Sand,39.02,17.08,Coarse,1.99,2,259.17,Safe
Sand,21.68,17.18,Medium,2.26,1,258.2,Safe
Clay,38.01,20.08,Coarse,1.6,4,115.48,Moderate
Sand,31.69,21.74,Medium,2.02,3,257.07,Safe
Sand,25.2,18.86,Fine,1.27,4,226.7,Safe
Sand,20.06,14.32,Fine,0.54,4,155.32,Moderate
Silt,36.02,16.72,Coarse,0.51,2,159.35,Moderate
Clay,16.49,17.22,Coarse,0.89,2,133.32,Moderate
Silt,19.05,18.2,Fine,1.81,3,183.3,Moderate
Clay,18.03,17.16,Medium,2.57,5,190.06,Moderate
Silt,19.41,18.41,Medium,2.36,3,217.05,Safe
Clay,32.35,20.49,Fine,1.46,5,131.69,Moderate
Silt,15.38,14.28,Fine,2.27,3,170.3,Moderate
Clay,9.39,16.31,Coarse,2.89,3,206.26,Safe
Clay,33.09,16.61,Fine,1.8,4,62.24,Unsafe
Sand,25.36,20.63,Coarse,2.21,5,315.87,Safe
Sand,38.17,21.66,Medium,2.9,4,353.55,Safe
Silt,30.27,16.5,Medium,0.56,1,127.46,Moderate
Silt,23.03,18.41,Medium,1.09,1,166.8,Moderate
Sand,26.82,17.32,Coarse,1.84,1,266.0,Safe
Clay,39.26,17.06,Coarse,2.14,3,81.23,Unsafe
Gravel,9.37,15.01,Medium,1.32,4,295.34,Safe
Sand,9.06,16.92,Medium,2.68,3,277.81,Safe
Clay,15.06,16.74,Medium,1.68,5,145.99,Moderate
Clay,24.93,18.04,Coarse,1.72,1,130.52,Moderate
Clay,26.78,15.86,Fine,2.19,2,77.66,Unsafe
Clay,19.48,16.84,Coarse,0.55,3,101.6,Moderate
Clay,22.06,14.42,Fine,1.15,5,80.38,Unsafe
Gravel,15.01,20.16,Medium,1.64,3,377.64,Safe
Sand,38.33,17.0,Medium,1.92,1,225.32,Safe
Sand,20.29,17.42,Fine,2.34,4,245.1,Safe
Sand,9.1,14.68,Medium,1.83,1,203.87,Safe
Silt,35.55,16.38,Coarse,2.23,2,196.91,Moderate
Sand,28.42,20.59,Medium,0.88,2,214.74,Safe
Silt,27.99,20.92,Coarse,1.52,1,271.71,Safe
Sand,31.39,14.28,Medium,1.51,5,236.67,Safe
Sand,39.9,20.1,Fine,2.18,2,240.0,Safe
Clay,25.77,19.16,Fine,1.43,4,104.91,Moderate
Silt,29.92,21.8,Medium,1.46,3,257.47,Safe
Sand,39.84,18.96,Coarse,0.51,2,226.36,Safe
Clay,20.15,16.31,Fine,1.12,1,73.16,Unsafe
Clay,5.07,16.58,Medium,2.98,4,229.89,Safe
Gravel,30.93,19.13,Medium,2.22,4,400.0,Safe
Silt,14.05,21.41,Coarse,1.93,4,344.08,Safe
Silt,12.78,14.97,Coarse,1.5,2,192.32,Moderate
Silt,33.88,20.01,Coarse,2.36,5,326.17,Safe
Silt,7.18,21.15,Fine,2.59,1,229.93,Safe
Silt,22.24,15.91,Medium,2.26,2,156.39,Moderate
Sand,29.96,14.58,Coarse,2.04,3,214.29,Safe
Clay,8.9,18.75,Coarse,2.75,5,276.0,Safe
Clay,7.88,20.83,Coarse,0.53,1,166.73,Moderate
Clay,14.89,18.06,Medium,1.89,4,148.53,Moderate
Gravel,24.02,19.72,Fine,2.84,1,329.24,Safe
Clay,17.13,15.13,Coarse,0.59,1,66.75,Unsafe
Silt,13.04,14.74,Medium,1.97,5,214.63,Safe
Silt,30.34,16.04,Fine,2.44,3,191.9,Moderate
Sand,12.89,18.14,Medium,1.19,4,236.54,Safe
Clay,31.58,21.76,Medium,1.33,4,151.96,Moderate
Sand,6.98,18.36,Coarse,1.1,1,284.71,Safe
Clay,38.7,14.65,Coarse,2.83,2,54.12,Unsafe
Silt,37.48,16.33,Coarse,2.42,4,205.8,Safe
Sand,21.91,17.05,Fine,2.76,5,288.29,Safe
Sand,9.74,19.91,Coarse,1.97,4,358.35,Safe
Silt,23.63,16.02,Coarse,0.75,4,204.85,Safe
Sand,30.66,14.24,Coarse,2.69,4,295.94,Safe
Silt,23.93,15.54,Fine,2.44,4,183.79,Moderate
Sand,34.92,20.7,Fine,2.55,1,249.03,Safe
Silt,37.18,21.62,Fine,2.19,3,191.72,Moderate
Silt,12.19,21.85,Medium,1.02,1,210.91,Safe
Silt,27.98,14.43,Fine,2.81,4,183.37,Moderate
Silt,6.68,16.17,Coarse,2.76,1,233.59,Safe
Gravel,14.69,14.48,Coarse,0.53,2,295.01,Safe
Gravel,39.94,16.17,Medium,0.86,1,277.22,Safe
Sand,7.65,14.7,Medium,2.47,4,230.38,Safe
Clay,5.67,19.75,Medium,2.19,2,226.08,Safe
Clay,27.27,17.44,Medium,2.63,4,149.65,Moderate
Sand,30.86,16.62,Coarse,2.45,5,313.46,Safe
Clay,16.09,21.12,Medium,2.83,3,227.4,Safe
Sand,12.55,21.97,Coarse,0.92,2,313.52,Safe
Sand,7.48,15.81,Coarse,1.63,4,293.8,Safe
Silt,39.92,17.48,Fine,0.8,1,113.38,Moderate
Sand,6.36,21.51,Coarse,2.15,5,386.35,Safe
Clay,19.18,15.62,Coarse,2.2,1,110.06,Moderate
Sand,26.12,18.01,Fine,1.67,3,237.24,Safe
Sand,38.06,19.53,Medium,2.04,2,224.97,Safe
Silt,38.6,16.96,Medium,2.02,3,191.14,Moderate
Silt,16.81,15.68,Fine,1.23,2,127.95,Moderate
Sand,18.01,20.5,Fine,2.2,3,300.33,Safe
Sand,21.02,19.85,Fine,2.61,2,257.22,Safe
Silt,36.97,14.0,Medium,0.99,5,120.26,Moderate
Sand,23.32,17.43,Fine,2.26,3,239.02,Safe
Sand,35.26,17.16,Fine,1.38,2,210.79,Safe
Silt,21.16,18.07,Coarse,1.95,3,265.79,Safe
Clay,18.9,19.31,Medium,1.7,2,127.57,Moderate
Sand,14.56,16.75,Medium,2.79,1,267.67,Safe
Silt,25.67,14.96,Medium,0.86,2,115.38,Moderate
Gravel,16.26,21.56,Medium,2.01,3,397.76,Safe
Sand,11.91,17.44,Medium,2.82,2,264.94,Safe
Clay,5.4,16.46,Coarse,2.84,3,250.02,Safe
Silt,11.96,20.37,Coarse,1.97,2,237.59,Safe
Clay,9.61,16.38,Medium,2.83,4,159.4,Moderate
Clay,29.7,19.55,Fine,1.39,4,99.63,Unsafe
Clay,13.66,16.71,Medium,2.53,2,169.64,Moderate
Sand,35.71,21.33,Medium,1.31,2,221.97,Safe
Sand,38.78,15.19,Coarse,2.59,5,303.66,Safe
Silt,14.77,17.0,Fine,2.92,5,209.75,Safe
Clay,17.68,17.47,Fine,1.97,1,101.74,Moderate
Sand,30.07,21.04,Coarse,1.92,2,312.07,Safe
Clay,21.28,17.11,Medium,0.73,3,98.71,Unsafe
Clay,23.25,18.79,Coarse,2.69,3,168.5,Moderate
Clay,38.0,18.44,Coarse,1.31,1,55.64,Unsafe
Silt,17.9,18.63,Medium,2.65,1,219.35,Safe
Silt,26.34,16.38,Coarse,0.83,4,165.0,Moderate
Silt,36.45,20.89,Medium,2.2,4,255.96,Safe
Silt,37.14,20.79,Fine,1.89,3,223.11,Safe
Silt,27.99,19.02,Coarse,1.53,4,251.79,Safe
Silt,18.81,17.25,Coarse,2.99,1,218.5,Safe
Sand,31.21,14.32,Fine,1.23,5,165.33,Moderate
Silt,12.91,18.09,Coarse,1.09,1,222.44,Safe
Clay,13.66,19.9,Medium,1.23,2,174.1,Moderate
Clay,36.09,15.52,Fine,2.45,1,50.0,Unsafe
Clay,14.43,15.04,Coarse,2.74,1,165.73,Moderate
Silt,7.18,21.98,Coarse,2.9,5,322.31,Safe
Silt,33.75,18.14,Medium,0.81,4,153.96,Moderate
Silt,17.92,17.13,Medium,1.35,2,166.69,Moderate
Silt,9.21,19.88,Coarse,2.23,1,288.57,Safe
Sand,15.38,16.23,Coarse,1.12,1,246.95,Safe
Sand,22.38,17.71,Medium,0.62,4,250.99,Safe
Clay,28.15,20.61,Medium,2.24,5,192.32,Moderate
Clay,11.01,18.82,Medium,2.03,5,181.62,Moderate
Gravel,34.03,18.45,Coarse,2.66,1,400.0,Safe
Clay,31.25,17.02,Coarse,2.97,3,155.64,Moderate
Silt,21.03,18.78,Fine,1.9,2,177.51,Moderate
Sand,29.24,17.55,Fine,2.33,2,229.78,Safe
Silt,19.24,19.19,Fine,0.66,3,149.78,Moderate
Sand,35.47,17.35,Coarse,1.07,1,210.08,Safe
Clay,6.99,18.35,Medium,2.68,3,181.99,Moderate
Clay,12.47,14.4,Fine,0.87,5,104.62,Moderate
Clay,38.14,18.81,Coarse,0.54,4,56.47,Unsafe
Clay,23.11,20.55,Coarse,1.76,5,166.88,Moderate
Silt,15.65,20.56,Coarse,1.96,2,255.13,Safe
Clay,21.64,20.51,Coarse,2.07,3,182.39,Moderate
Silt,34.52,18.91,Fine,1.58,3,177.59,Moderate
Sand,22.52,15.11,Fine,1.83,5,238.29,Safe
Silt,7.41,14.83,Medium,2.0,5,219.87,Safe
Silt,10.86,14.44,Coarse,2.04,4,232.95,Safe
Clay,11.58,19.41,Medium,2.69,5,214.62,Safe
Gravel,36.43,19.61,Medium,1.0,4,286.02,Safe
Sand,8.88,17.94,Fine,2.18,4,234.92,Safe
Gravel,35.55,19.26,Fine,2.93,5,330.17,Safe
Clay,17.76,18.68,Coarse,2.39,3,208.43,Safe
Sand,36.5,19.84,Coarse,2.76,2,326.13,Safe
Clay,14.37,15.29,Medium,2.67,5,139.92,Moderate
Gravel,27.93,17.8,Medium,2.78,3,398.55,Safe
Silt,14.08,20.57,Coarse,2.0,3,301.45,Safe
Sand,36.16,21.71,Medium,2.48,2,335.27,Safe
Sand,26.83,16.68,Medium,2.78,5,296.99,Safe
Sand,32.63,20.16,Coarse,2.79,3,334.92,Safe
Silt,25.94,15.25,Fine,2.02,4,170.53,Moderate
Silt,20.12,17.02,Medium,1.85,3,217.27,Safe
Silt,10.56,14.54,Fine,0.54,3,136.16,Moderate
Sand,32.94,16.53,Fine,0.7,2,143.12,Moderate
Sand,33.13,19.87,Fine,1.21,1,219.77,Safe
Silt,12.73,20.69,Fine,0.62,2,158.58,Moderate
Clay,18.83,19.19,Fine,2.58,1,123.87,Moderate
Gravel,39.44,21.92,Medium,2.76,1,400.0,Safe
Sand,21.07,19.29,Coarse,1.78,2,296.1,Safe
Clay,20.21,21.94,Coarse,0.7,2,163.31,Moderate
Sand,16.43,19.74,Coarse,1.33,2,328.64,Safe
Gravel,29.81,18.81,Fine,2.37,5,296.27,Safe
Silt,32.6,16.7,Fine,2.62,4,175.9,Moderate
Clay,28.66,20.52,Fine,0.84,1,89.25,Unsafe
Silt,10.77,15.29,Coarse,1.52,1,158.94,Moderate
Clay,39.75,18.81,Medium,2.92,3,107.99,Moderate
Clay,10.21,21.71,Fine,1.71,4,181.35,Moderate
Sand,15.54,17.18,Medium,0.92,5,251.28,Safe
Silt,7.84,15.82,Coarse,1.58,4,239.03,Safe
Gravel,22.93,20.78,Coarse,1.66,1,367.57,Safe
Sand,13.45,15.05,Coarse,0.83,3,211.02,Safe
Gravel,28.5,16.48,Medium,1.65,3,332.91,Safe
Clay,39.33,17.46,Coarse,1.82,5,76.58,Unsafe
Sand,31.63,16.54,Medium,2.2,2,243.08,Safe
Sand,35.26,21.69,Medium,0.78,5,298.45,Safe
Silt,33.09,19.05,Fine,1.98,1,190.58,Moderate
Sand,18.49,14.46,Fine,1.6,5,221.45,Safe
Sand,13.9,19.54,Coarse,1.34,1,287.91,Safe
Sand,27.99,19.08,Medium,1.34,3,276.09,Safe
Silt,34.53,16.43,Coarse,2.58,1,231.76,Safe
Sand,18.09,15.28,Fine,1.54,1,192.82,Moderate
Silt,25.3,19.68,Fine,0.55,5,181.51,Moderate
Sand,16.24,16.66,Fine,1.07,1,203.35,Safe
Silt,13.52,19.41,Fine,1.0,3,169.61,Moderate
Silt,5.5,14.47,Fine,2.43,4,205.75,Safe
Clay,16.91,20.13,Medium,1.85,3,187.96,Moderate
Sand,10.76,19.27,Coarse,2.01,5,326.39,Safe
Sand,29.46,21.31,Medium,0.73,4,257.08,Safe
Gravel,32.01,16.54,Coarse,0.94,5,343.01,Safe
Gravel,29.24,18.65,Medium,1.14,1,300.16,Safe
Clay,16.8,17.49,Medium,0.63,3,113.28,Moderate
Gravel,33.41,14.75,Coarse,1.26,3,278.77,Safe
Clay,8.57,16.38,Coarse,1.78,2,154.73,Moderate
Sand,9.92,14.31,Fine,0.78,5,199.82,Moderate
Silt,15.15,14.98,Fine,1.22,3,148.74,Moderate
Clay,13.38,18.62,Medium,1.5,3,174.55,Moderate
Sand,17.6,21.83,Medium,1.04,1,262.03,Safe
Silt,5.41,18.12,Medium,2.07,5,258.29,Safe
Sand,22.76,18.51,Coarse,1.3,5,292.35,Safe
Gravel,24.06,18.92,Coarse,2.9,2,400.0,Safe
Silt,21.11,16.68,Coarse,2.3,1,202.8,Safe
Silt,39.82,19.83,Coarse,1.53,5,265.65,Safe
Sand,24.61,16.9,Coarse,2.89,5,323.29,Safe
Silt,39.14,21.42,Medium,2.25,1,256.79,Safe
Clay,37.96,20.9,Fine,0.51,2,56.42,Unsafe
Silt,5.33,21.43,Fine,2.68,1,266.94,Safe
Gravel,16.05,21.04,Coarse,0.73,1,330.93,Safe
Sand,21.45,19.3,Fine,2.43,1,232.0,Safe
Sand,38.1,21.51,Fine,1.22,4,264.46,Safe
Clay,6.9,18.15,Medium,2.74,4,208.66,Safe
Sand,29.4,17.34,Fine,1.63,4,235.97,Safe
Silt,14.05,19.41,Coarse,2.22,2,302.54,Safe
Clay,38.13,21.03,Fine,0.78,5,84.7,Unsafe
Silt,13.98,20.73,Medium,2.52,3,241.34,Safe
Silt,38.62,17.15,Medium,2.06,1,147.42,Moderate
Sand,24.21,15.35,Medium,0.87,2,195.98,Moderate
Sand,32.87,18.93,Medium,0.79,2,201.98,Safe
Gravel,26.87,18.46,Coarse,1.8,4,376.2,Safe
Clay,26.57,19.82,Coarse,1.64,5,148.46,Moderate
Sand,37.93,17.14,Medium,0.94,3,217.97,Safe
Silt,25.28,18.66,Medium,0.9,2,165.86,Moderate
Silt,26.37,17.44,Coarse,2.9,3,234.41,Safe
Silt,30.65,18.87,Medium,1.9,1,165.39,Moderate
Sand,39.78,14.92,Coarse,0.64,5,190.98,Moderate
Clay,7.98,16.23,Medium,1.78,2,151.43,Moderate
Silt,13.73,21.87,Medium,1.91,4,271.41,Safe
Sand,13.22,15.5,Medium,2.47,1,244.88,Safe
Silt,12.22,16.21,Fine,2.72,3,197.48,Moderate
Gravel,7.56,19.96,Fine,2.3,4,311.15,Safe
Silt,11.85,15.71,Medium,2.61,5,239.68,Safe
Clay,25.84,18.52,Medium,2.67,3,134.14,Moderate
Silt,33.8,16.74,Coarse,1.62,5,187.98,Moderate
Clay,26.04,18.63,Medium,2.52,3,148.01,Moderate
Clay,15.98,18.99,Coarse,2.48,5,238.05,Safe
Clay,13.69,20.08,Fine,1.7,1,141.23,Moderate
Silt,9.3,14.5,Fine,0.89,2,123.16,Moderate
Sand,28.05,17.54,Medium,2.36,3,289.32,Safe
Clay,19.67,18.02,Coarse,1.68,2,127.75,Moderate
Clay,19.29,16.74,Coarse,2.37,3,146.02,Moderate
Clay,9.6,16.73,Fine,1.3,2,119.35,Moderate
Sand,25.3,15.2,Fine,0.88,1,159.73,Moderate
Sand,15.07,20.83,Fine,2.64,5,258.09,Safe
Sand,32.52,15.88,Fine,2.01,3,224.7,Safe
Clay,25.51,21.02,Coarse,2.24,4,180.18,Moderate
Sand,20.18,18.79,Medium,1.33,2,244.47,Safe
Silt,34.36,14.0,Coarse,1.94,2,170.06,Moderate
Clay,38.46,18.69,Medium,1.89,1,66.1,Unsafe
Clay,18.76,15.34,Coarse,0.64,2,85.82,Unsafe
Clay,35.04,17.35,Fine,1.87,4,69.24,Unsafe
Sand,29.99,18.28,Medium,1.5,1,214.0,Safe
Sand,9.14,14.96,Fine,2.71,5,267.99,Safe
Sand,36.77,16.35,Coarse,1.72,4,226.56,Safe
Gravel,8.05,21.72,Medium,2.39,5,400.0,Safe
Clay,36.79,18.83,Coarse,2.2,5,120.81,Moderate
Clay,16.71,15.32,Coarse,0.94,3,105.64,Moderate
Silt,7.82,14.84,Fine,1.78,4,148.63,Moderate
Gravel,10.14,19.2,Medium,0.87,5,388.96,Safe
Silt,17.66,15.87,Medium,1.47,5,185.23,Moderate
Sand,14.74,16.07,Fine,1.45,4,194.63,Moderate
Silt,29.4,17.55,Fine,1.79,5,160.14,Moderate
Silt,24.13,18.24,Coarse,1.31,3,216.02,Safe
Clay,38.3,15.12,Fine,1.23,4,50.0,Unsafe
Sand,25.4,17.74,Fine,2.04,4,258.58,Safe
Sand,19.26,18.44,Medium,0.64,4,233.2,Safe
Silt,22.5,17.92,Fine,1.45,3,158.36,Moderate
Sand,30.52,14.77,Coarse,1.96,1,256.46,Safe
Clay,6.51,20.71,Medium,1.6,5,209.83,Safe
Clay,9.87,19.26,Coarse,2.45,5,230.28,Safe
Sand,10.16,17.29,Coarse,1.54,3,266.5,Safe
Sand,7.59,16.1,Coarse,2.35,2,319.58,Safe
Clay,27.63,18.17,Fine,2.93,2,127.32,Moderate
Sand,14.7,15.43,Coarse,1.7,4,238.35,Safe
Sand,25.63,19.93,Coarse,2.27,1,336.12,Safe
Sand,30.38,21.92,Medium,2.91,4,322.08,Safe
Clay,25.57,15.44,Medium,1.24,3,75.08,Unsafe
Sand,5.88,20.62,Fine,0.7,3,240.03,Safe
Sand,11.87,20.91,Coarse,1.67,2,288.32,Safe
Clay,24.13,17.34,Fine,1.35,3,102.6,Moderate
Clay,34.98,18.31,Coarse,0.82,5,87.91,Unsafe
Sand,21.24,20.37,Coarse,0.52,4,263.41,Safe
Clay,9.02,15.61,Coarse,2.66,4,176.25,Moderate
Sand,17.16,16.87,Fine,2.07,3,222.67,Safe
Clay,17.44,18.57,Fine,1.86,1,107.17,Moderate
Clay,30.53,16.05,Coarse,2.74,5,155.5,Moderate
Sand,34.3,21.23,Coarse,1.3,4,360.97,Safe
Sand,37.23,17.47,Coarse,0.76,2,232.72,Safe
Sand,27.91,18.16,Fine,1.17,1,198.23,Moderate
Clay,16.56,14.56,Coarse,0.77,2,82.83,Unsafe
Clay,24.72,18.67,Coarse,2.82,4,166.58,Moderate
Gravel,18.43,14.13,Medium,2.43,2,287.15,Safe
Silt,14.28,17.0,Medium,2.42,3,206.18,Safe
Silt,36.24,20.12,Coarse,2.49,4,269.43,Safe
Clay,34.84,18.07,Medium,0.55,3,56.25,Unsafe
Silt,13.47,18.43,Fine,2.96,1,207.58,Safe
Gravel,27.19,16.45,Medium,2.77,2,297.87,Safe
Gravel,9.42,14.32,Coarse,0.73,3,290.31,Safe
Gravel,27.19,20.15,Fine,2.08,3,282.25,Safe
Gravel,9.11,15.69,Coarse,1.26,3,349.67,Safe
Clay,7.92,19.37,Coarse,2.41,2,197.33,Moderate
Silt,20.8,14.6,Coarse,0.52,2,148.14,Moderate
Sand,22.72,16.21,Medium,1.59,2,245.37,Safe
Clay,31.19,21.81,Coarse,0.55,2,124.37,Moderate
Clay,31.64,20.01,Coarse,1.37,4,123.32,Moderate
Silt,12.91,15.57,Fine,2.71,4,182.69,Moderate
Sand,32.75,20.6,Coarse,0.52,1,294.74,Safe
Sand,26.72,18.47,Medium,2.35,2,280.35,Safe
Clay,35.22,18.62,Coarse,0.87,4,90.9,Unsafe
Sand,39.44,16.87,Coarse,0.75,5,232.69,Safe
Clay,30.18,16.46,Coarse,2.53,3,117.43,Moderate
Silt,24.49,21.38,Coarse,2.36,2,255.68,Safe
Sand,17.65,16.09,Fine,2.66,2,193.92,Moderate
Clay,27.42,17.87,Coarse,1.17,5,123.79,Moderate
Sand,11.65,16.15,Fine,1.72,1,198.4,Moderate
Sand,23.02,19.34,Fine,0.66,4,248.73,Safe
Silt,6.79,14.01,Coarse,2.47,4,190.02,Moderate
Silt,13.42,15.24,Coarse,2.54,2,213.37,Safe
Silt,38.48,18.26,Coarse,1.88,4,266.62,Safe
Gravel,19.76,15.15,Coarse,0.98,2,338.32,Safe
Sand,38.28,21.94,Coarse,0.87,3,270.58,Safe
Silt,8.69,20.64,Coarse,2.34,3,333.09,Safe
Silt,39.21,21.18,Medium,2.86,2,276.78,Safe
Gravel,8.88,20.44,Fine,0.6,4,337.39,Safe
Silt,6.87,17.8,Medium,1.61,5,199.94,Moderate
Clay,13.0,20.12,Fine,2.43,3,192.4,Moderate
Sand,7.49,15.08,Medium,0.67,1,163.67,Moderate
Clay,21.12,18.08,Medium,2.24,1,141.64,Moderate
Clay,12.37,14.18,Medium,2.43,4,158.92,Moderate
Sand,29.03,19.07,Coarse,2.25,5,342.11,Safe
Silt,16.49,18.09,Fine,1.69,5,201.45,Safe
Silt,9.55,15.75,Medium,1.96,3,212.19,Safe
Sand,39.71,14.15,Coarse,1.93,5,245.61,Safe
Silt,16.07,17.29,Fine,1.25,1,158.04,Moderate
Clay,25.02,17.94,Fine,2.31,5,122.5,Moderate
Silt,10.41,14.21,Medium,0.84,3,121.34,Moderate
Gravel,21.04,14.09,Medium,2.03,5,284.53,Safe
Silt,13.06,17.35,Coarse,1.65,2,229.43,Safe
Clay,35.68,19.73,Medium,1.4,3,84.91,Unsafe
Clay,20.92,17.09,Coarse,1.13,2,105.07,Moderate
Sand,32.67,16.7,Medium,1.52,2,201.0,Safe
Sand,36.72,16.47,Medium,2.59,2,267.61,Safe
Clay,10.86,14.95,Medium,1.52,5,130.36,Moderate
Clay,32.43,16.12,Medium,1.82,5,81.26,Unsafe
Silt,36.73,15.81,Coarse,0.97,5,153.07,Moderate
Sand,13.47,20.61,Fine,2.19,3,301.98,Safe
Clay,34.31,20.86,Medium,1.12,5,110.7,Moderate
Clay,10.84,21.38,Medium,0.79,4,194.93,Moderate
Sand,5.54,19.47,Medium,1.32,1,243.41,Safe
Sand,12.11,14.63,Fine,1.58,5,211.43,Safe
Silt,9.93,16.27,Coarse,1.57,4,240.63,Safe
Clay,34.75,19.29,Fine,1.96,3,86.0,Unsafe
Sand,23.66,17.03,Medium,0.77,2,179.01,Moderate
Clay,37.01,14.99,Medium,2.86,4,88.51,Unsafe
Silt,29.3,14.4,Fine,2.68,3,164.74,Moderate
Gravel,30.41,17.59,Fine,1.96,1,313.23,Safe
Clay,7.44,18.35,Fine,1.53,1,150.21,Moderate
Sand,6.6,19.98,Fine,2.81,1,288.92,Safe
Sand,19.65,19.56,Fine,0.75,2,193.49,Moderate
Silt,28.55,20.99,Fine,2.34,3,200.67,Safe
Sand,25.54,18.78,Coarse,1.42,5,318.85,Safe
Gravel,37.49,14.31,Fine,1.35,5,245.71,Safe
Clay,30.97,18.77,Coarse,0.58,1,70.59,Unsafe
Clay,19.39,18.62,Fine,1.95,3,146.51,Moderate
Clay,8.65,16.59,Coarse,2.72,3,221.3,Safe
Silt,19.42,18.23,Coarse,2.48,4,308.35,Safe
Sand,10.62,19.66,Medium,1.11,3,224.18,Safe
Silt,9.54,21.56,Coarse,0.96,5,264.98,Safe
Gravel,15.95,17.56,Coarse,2.83,3,400.0,Safe
Silt,5.35,18.54,Medium,1.86,3,220.71,Safe
Silt,37.52,15.48,Medium,0.69,1,109.07,Moderate
Clay,12.09,21.08,Coarse,2.51,5,304.28,Safe
Sand,12.99,21.3,Fine,2.9,5,332.49,Safe
Sand,26.27,19.4,Fine,0.99,2,202.86,Safe
Silt,7.39,21.11,Medium,1.3,2,249.33,Safe
Sand,8.13,15.9,Medium,1.39,5,209.31,Safe
Silt,33.62,15.9,Fine,1.8,2,139.06,Moderate
Gravel,37.52,16.95,Coarse,0.92,2,334.49,Safe
Sand,15.48,16.43,Fine,0.65,1,150.68,Moderate
Sand,28.98,14.31,Medium,0.82,3,192.36,Moderate
Clay,20.54,21.98,Coarse,0.56,3,143.66,Moderate
Sand,33.29,17.31,Medium,0.99,5,254.82,Safe
Sand,35.87,19.5,Medium,2.12,5,275.28,Safe
Clay,15.06,17.87,Coarse,2.61,2,193.5,Moderate
Silt,26.47,18.37,Coarse,1.71,5,212.98,Safe
Clay,35.88,20.44,Fine,2.41,3,124.49,Moderate
Silt,28.17,14.28,Fine,2.19,1,133.55,Moderate
Sand,15.49,17.26,Fine,1.77,2,210.74,Safe
Silt,27.03,14.99,Coarse,1.21,5,210.62,Safe
Sand,28.14,14.54,Medium,2.24,4,202.8,Safe
Clay,14.4,20.2,Fine,2.6,4,193.33,Moderate
Clay,14.1,15.23,Medium,2.57,2,115.43,Moderate
Silt,18.58,16.02,Fine,1.23,4,170.24,Moderate
Gravel,12.77,19.52,Coarse,2.51,3,400.0,Safe
Silt,20.18,21.29,Coarse,1.74,5,301.32,Safe
Sand,31.96,17.97,Medium,2.83,4,256.83,Safe
Silt,33.83,20.34,Medium,2.31,1,228.6,Safe
Clay,26.54,16.77,Coarse,2.07,3,114.12,Moderate
Clay,32.56,19.42,Fine,1.82,4,92.28,Unsafe
Clay,17.38,18.8,Fine,0.55,5,130.52,Moderate
Silt,14.76,21.6,Fine,1.6,5,208.37,Safe
Clay,36.88,14.45,Fine,2.74,4,58.1,Unsafe
Clay,35.5,19.08,Fine,1.23,3,76.22,Unsafe
Clay,18.27,18.56,Medium,2.25,4,143.89,Moderate
Silt,36.12,18.61,Coarse,0.77,3,191.57,Moderate
Sand,16.99,21.75,Coarse,1.42,2,280.69,Safe
Sand,12.89,21.47,Fine,2.37,4,276.04,Safe
Sand,5.59,14.05,Fine,2.71,2,195.67,Moderate
Clay,7.34,14.29,Medium,1.89,1,108.93,Moderate
Sand,31.75,16.4,Coarse,1.59,3,221.65,Safe
Sand,28.4,19.2,Coarse,2.78,4,373.13,Safe
Clay,23.08,21.43,Fine,1.93,1,138.04,Moderate
Clay,27.21,20.66,Fine,1.84,3,134.23,Moderate
Sand,25.32,15.3,Medium,2.92,1,222.02,Safe
Clay,13.45,20.96,Medium,1.08,2,159.92,Moderate
Gravel,32.56,20.44,Coarse,0.59,1,357.59,Safe
Clay,13.72,17.1,Medium,1.35,1,114.02,Moderate
Gravel,25.04,17.88,Medium,2.01,2,314.31,Safe
Silt,29.63,15.93,Fine,2.67,3,164.19,Moderate
Gravel,35.72,20.62,Coarse,2.07,3,392.23,Safe
Clay,38.15,19.65,Fine,1.8,2,70.51,Unsafe
Clay,31.16,16.15,Fine,1.34,5,72.43,Unsafe
Sand,10.84,20.98,Medium,2.13,2,282.8,Safe
Clay,26.72,19.28,Fine,1.31,1,75.54,Unsafe
Sand,13.69,14.41,Fine,1.38,4,167.02,Moderate
Gravel,32.31,17.26,Medium,2.62,4,319.41,Safe
Silt,5.85,18.37,Medium,0.94,5,234.3,Safe
Sand,17.33,14.23,Coarse,2.28,4,288.69,Safe
Sand,15.48,19.01,Fine,1.37,4,232.13,Safe
Silt,39.47,18.46,Medium,1.08,1,156.87,Moderate
Gravel,34.0,19.85,Fine,0.59,4,322.84,Safe
Clay,10.78,14.33,Coarse,1.36,4,141.03,Moderate
Clay,34.25,21.81,Fine,1.78,2,118.71,Moderate
Silt,35.16,20.22,Coarse,2.51,2,294.12,Safe
Sand,15.46,19.27,Medium,0.66,3,259.38,Safe
Silt,33.96,16.73,Coarse,1.91,2,181.37,Moderate
Gravel,24.05,17.56,Fine,2.11,4,306.74,Safe
Gravel,22.51,20.39,Coarse,1.58,5,393.28,Safe
Clay,12.02,20.63,Coarse,1.35,3,204.26,Safe
Sand,20.69,14.99,Fine,1.37,1,188.55,Moderate
Clay,35.76,20.24,Coarse,1.17,3,91.1,Unsafe
Sand,23.29,15.76,Coarse,2.57,2,285.55,Safe
Clay,31.81,17.6,Medium,2.11,1,94.15,Unsafe
Gravel,9.68,15.02,Medium,2.05,1,285.29,Safe
Clay,13.64,19.36,Fine,0.55,2,127.92,Moderate
Sand,27.99,19.27,Medium,1.57,5,231.44,Safe
Silt,32.76,20.75,Fine,2.15,4,223.86,Safe
Sand,15.67,16.08,Medium,2.15,2,250.66,Safe
Clay,39.34,19.74,Coarse,0.51,4,75.58,Unsafe
Sand,29.36,16.01,Fine,1.71,1,186.98,Moderate
Gravel,39.34,17.24,Coarse,2.26,4,352.57,Safe
Clay,27.6,22.0,Medium,0.67,3,108.95,Moderate
Clay,7.88,16.94,Coarse,1.62,3,177.07,Moderate
Clay,26.83,17.79,Coarse,2.87,3,158.96,Moderate
Silt,18.5,21.67,Coarse,1.1,4,298.13,Safe
Sand,33.0,21.63,Medium,2.08,1,249.63,Safe
Sand,30.78,15.63,Coarse,0.96,5,267.25,Safe
Clay,12.31,17.36,Coarse,1.8,3,163.73,Moderate
Sand,38.52,16.45,Fine,2.46,2,207.6,Safe
Sand,18.06,14.67,Fine,0.62,5,192.54,Moderate
Sand,15.34,19.33,Medium,2.11,4,263.98,Safe
Silt,28.59,14.16,Fine,0.99,5,118.52,Moderate
Silt,20.97,19.83,Coarse,1.73,4,297.71,Safe
Sand,12.68,18.94,Coarse,1.34,4,267.9,Safe
Sand,6.48,18.97,Coarse,2.82,2,368.24,Safe
Silt,19.07,16.74,Coarse,1.3,4,225.65,Safe
Gravel,37.77,16.86,Medium,2.12,3,282.41,Safe
Clay,24.09,20.67,Medium,1.33,3,153.65,Moderate
Sand,5.29,14.72,Coarse,1.91,2,268.2,Safe
Sand,12.2,19.38,Fine,1.15,5,245.11,Safe
Clay,13.31,19.39,Coarse,1.18,3,205.18,Safe
Sand,33.16,20.48,Fine,0.88,4,261.83,Safe
Sand,11.51,17.2,Fine,1.9,2,188.95,Moderate
Silt,30.3,21.76,Fine,2.78,2,267.73,Safe
Sand,5.67,15.54,Fine,0.76,3,204.74,Safe
Silt,14.48,19.19,Medium,1.9,4,251.31,Safe
Gravel,22.94,18.89,Coarse,1.27,5,400.0,Safe
Clay,24.38,19.41,Coarse,2.65,2,174.25,Moderate
Clay,6.36,17.99,Medium,0.71,1,142.03,Moderate
Sand,38.27,19.46,Fine,1.65,1,200.5,Safe
Clay,27.32,21.08,Medium,2.74,3,184.29,Moderate
Gravel,28.33,17.89,Medium,1.08,3,340.79,Safe
Clay,29.77,21.45,Medium,2.37,3,142.31,Moderate
Sand,25.01,20.57,Fine,1.48,3,264.35,Safe
Sand,26.87,15.52,Medium,2.2,4,268.49,Safe
Sand,17.11,15.49,Fine,2.95,5,222.94,Safe
Sand,36.34,18.99,Coarse,1.31,5,328.17,Safe
Silt,33.13,14.32,Coarse,1.62,3,148.76,Moderate
Clay,15.74,14.11,Medium,2.2,4,117.73,Moderate
Sand,28.49,20.82,Medium,1.33,5,261.41,Safe
Clay,35.26,15.21,Medium,2.33,3,60.95,Unsafe
Silt,14.29,19.75,Fine,0.64,4,181.44,Moderate
Sand,14.08,16.5,Fine,2.08,1,231.38,Safe
Sand,23.75,14.68,Coarse,1.32,2,231.08,Safe
Sand,9.31,15.92,Medium,1.1,2,195.44,Moderate
Clay,24.37,17.15,Fine,1.31,1,72.35,Unsafe
Silt,16.39,16.76,Coarse,1.35,4,237.95,Safe
Silt,5.67,19.78,Fine,1.23,5,206.36,Safe
Sand,21.05,20.48,Medium,1.55,4,242.63,Safe
Sand,19.35,19.88,Coarse,1.58,3,348.25,Safe
Sand,36.1,14.57,Fine,2.64,3,228.21,Safe
Sand,38.96,15.87,Fine,2.96,4,255.95,Safe
Clay,27.81,15.27,Coarse,2.19,4,98.72,Unsafe
Sand,18.31,17.23,Coarse,1.21,5,245.61,Safe
Gravel,29.94,14.44,Fine,0.52,4,223.2,Safe
Sand,39.58,14.69,Fine,2.52,3,225.91,Safe
Sand,23.17,16.42,Fine,1.25,2,209.9,Safe
Sand,36.85,19.83,Fine,0.68,3,204.34,Safe
Sand,27.1,14.82,Medium,2.57,4,270.64,Safe
Gravel,28.37,17.76,Coarse,1.01,3,365.25,Safe
Silt,26.6,14.4,Medium,1.63,5,148.51,Moderate
Silt,20.89,14.46,Medium,2.72,3,174.67,Moderate
Sand,26.24,15.47,Coarse,0.58,2,179.3,Moderate
Clay,7.92,21.62,Coarse,0.73,2,196.28,Moderate
Sand,31.68,15.34,Medium,1.67,1,181.55,Moderate
Clay,10.42,16.9,Coarse,1.51,4,170.24,Moderate
Silt,19.97,19.39,Medium,2.72,5,246.78,Safe
Silt,25.75,19.68,Fine,2.54,2,221.58,Safe
Silt,16.68,17.87,Coarse,2.85,5,329.12,Safe
Gravel,39.87,19.65,Coarse,2.03,4,377.09,Safe
Sand,35.81,18.16,Medium,2.4,4,306.5,Safe
Sand,21.24,21.66,Medium,1.27,2,282.63,Safe
Sand,26.38,19.87,Fine,0.65,5,211.62,Safe
Sand,38.88,14.36,Fine,2.88,5,187.88,Moderate
Gravel,10.71,17.23,Fine,2.9,5,357.38,Safe
Sand,37.14,20.87,Medium,1.52,2,261.58,Safe
Clay,7.81,14.76,Fine,1.7,4,124.8,Moderate
Gravel,11.71,17.8,Coarse,0.82,4,342.52,Safe
Clay,39.34,20.26,Medium,1.19,1,63.87,Unsafe
Silt,7.02,18.68,Medium,2.72,2,223.13,Safe
Clay,7.69,16.41,Fine,1.54,1,99.6,Unsafe
Silt,15.58,17.6,Fine,1.92,1,181.88,Moderate
Sand,6.82,14.4,Fine,0.83,3,159.61,Moderate
Silt,5.44,15.45,Medium,2.18,2,183.38,Moderate
Sand,20.73,18.53,Fine,0.76,3,184.59,Moderate
Sand,25.78,19.83,Fine,2.41,2,280.51,Safe
Silt,7.02,18.8,Medium,2.31,5,287.82,Safe
Sand,38.3,21.1,Coarse,2.61,1,324.01,Safe
Clay,31.76,21.52,Coarse,2.82,4,191.29,Moderate
Clay,21.91,15.8,Coarse,2.13,4,149.76,Moderate
Sand,28.48,20.02,Medium,1.38,2,273.08,Safe
Silt,24.74,20.98,Coarse,2.59,2,297.77,Safe
Clay,34.11,21.22,Medium,0.94,5,100.1,Moderate
Clay,27.5,18.4,Medium,2.83,5,142.88,Moderate
Sand,17.18,17.36,Fine,0.51,2,157.47,Moderate
Clay,38.3,19.37,Fine,1.25,5,69.73,Unsafe
Gravel,26.13,19.29,Medium,0.53,4,304.27,Safe
Clay,31.64,15.9,Coarse,2.48,1,73.08,Unsafe
Sand,33.99,15.87,Fine,1.61,2,190.93,Moderate
Sand,11.09,21.42,Coarse,1.71,3,365.73,Safe
Clay,7.47,16.02,Coarse,2.41,5,203.34,Safe
Sand,13.47,21.73,Coarse,2.88,2,376.43,Safe
Clay,20.01,18.73,Medium,0.53,2,93.91,Unsafe
Sand,5.27,16.3,Medium,1.1,1,203.27,Safe
Sand,14.64,15.63,Coarse,1.4,4,263.64,Safe
Clay,16.92,20.8,Fine,1.68,2,144.21,Moderate
Sand,12.86,15.66,Medium,2.93,3,273.14,Safe
Sand,15.34,17.17,Fine,2.73,5,237.31,Safe
Sand,12.09,20.41,Coarse,2.96,4,384.79,Safe
Gravel,20.54,18.37,Medium,2.92,3,345.12,Safe
Silt,30.48,18.61,Coarse,2.52,2,213.26,Safe
Gravel,30.3,19.25,Coarse,2.63,1,400.0,Safe
Silt,6.57,19.3,Medium,2.32,3,251.81,Safe
Sand,33.59,21.7,Coarse,1.02,5,327.84,Safe
Clay,32.6,14.06,Medium,1.69,5,59.17,Unsafe
Clay,9.67,20.41,Coarse,1.22,5,208.24,Safe
Gravel,21.18,16.84,Coarse,2.3,5,361.14,Safe
Clay,28.69,16.24,Fine,2.93,1,97.75,Unsafe
Clay,32.74,15.59,Coarse,1.46,3,68.47,Unsafe
Sand,14.52,16.08,Coarse,1.53,2,221.71,Safe
Silt,10.95,14.8,Fine,2.57,3,201.18,Safe
Clay,20.93,16.33,Fine,2.29,2,118.9,Moderate
Clay,34.49,16.68,Fine,1.76,4,69.58,Unsafe
Silt,33.56,17.18,Fine,2.02,5,206.81,Safe
Sand,22.13,16.74,Coarse,0.53,2,202.89,Safe
Clay,15.33,18.39,Medium,1.76,1,143.79,Moderate
Clay,5.96,15.87,Medium,1.16,1,116.32,Moderate
Sand,23.21,14.36,Medium,2.21,5,214.97,Safe
Clay,22.94,17.41,Coarse,1.55,3,143.38,Moderate
Silt,30.83,18.55,Coarse,0.59,1,198.13,Moderate
Clay,6.76,20.11,Fine,2.19,1,181.86,Moderate
Silt,26.84,17.25,Coarse,0.91,1,168.79,Moderate
Clay,12.97,19.19,Fine,1.14,5,148.58,Moderate
Silt,17.23,16.43,Coarse,2.5,5,291.11,Safe
Sand,29.05,14.78,Coarse,1.79,2,255.74,Safe
Sand,32.06,15.4,Fine,2.01,4,209.13,Safe
Clay,26.13,15.17,Coarse,2.32,1,100.12,Moderate
Clay,11.12,16.2,Fine,1.23,4,107.64,Moderate
Clay,7.96,16.25,Coarse,0.91,3,155.41,Moderate
Clay,13.86,19.52,Coarse,2.68,5,211.47,Safe
Clay,20.07,18.0,Coarse,1.64,2,154.86,Moderate
Clay,37.79,20.45,Medium,2.56,3,134.75,Moderate
Sand,23.85,21.09,Fine,1.16,3,260.98,Safe
Clay,19.77,14.68,Fine,2.73,5,125.93,Moderate
Sand,32.37,21.3,Medium,2.21,1,287.13,Safe
Clay,28.7,14.86,Medium,2.79,2,85.14,Unsafe
Sand,20.52,16.02,Fine,0.84,1,144.95,Moderate
Sand,15.41,20.41,Medium,2.49,5,333.11,Safe
Gravel,10.5,15.31,Coarse,1.22,1,270.51,Safe
Clay,10.29,14.95,Fine,2.43,4,145.21,Moderate
Sand,11.56,15.37,Medium,2.69,4,243.18,Safe
Clay,19.96,14.96,Medium,1.45,1,81.71,Unsafe
Clay,31.0,21.28,Medium,2.93,3,181.61,Moderate
Clay,11.79,20.84,Medium,1.24,2,190.16,Moderate
Silt,17.89,18.98,Coarse,1.46,5,257.64,Safe
Clay,22.07,18.75,Fine,1.89,4,122.58,Moderate
Silt,8.94,15.84,Fine,1.47,2,172.02,Moderate
Clay,25.38,19.06,Medium,2.54,4,144.88,Moderate
Sand,27.57,21.26,Medium,1.23,3,277.56,Safe
Clay,33.23,21.32,Coarse,1.59,3,142.57,Moderate
Sand,31.47,21.18,Medium,2.4,1,273.47,Safe
Silt,34.42,14.89,Fine,2.32,1,125.12,Moderate
Clay,9.8,21.96,Coarse,0.92,5,230.02,Safe
Gravel,39.63,20.25,Fine,1.82,5,279.92,Safe
Sand,15.99,17.08,Medium,1.37,2,245.0,Safe
Clay,31.79,15.72,Fine,0.89,5,50.0,Unsafe
Sand,5.43,21.64,Coarse,2.01,5,400.0,Safe
Clay,25.76,14.63,Coarse,1.07,4,69.41,Unsafe
Clay,26.07,15.22,Medium,1.98,3,84.54,Unsafe
Clay,28.71,17.91,Medium,2.31,1,114.41,Moderate
Sand,20.15,16.67,Medium,2.54,5,294.95,Safe
Gravel,17.08,21.09,Fine,2.58,1,364.39,Safe
Clay,17.89,17.1,Coarse,0.55,5,121.69,Moderate
Gravel,26.02,18.6,Fine,0.54,4,317.9,Safe
Silt,22.89,19.47,Coarse,0.7,1,202.39,Safe
Silt,9.91,16.75,Coarse,1.71,3,214.56,Safe
Clay,35.89,15.92,Coarse,1.02,5,53.37,Unsafe
Gravel,8.98,21.12,Fine,0.61,5,346.53,Safe
Clay,15.69,20.66,Fine,2.23,1,173.32,Moderate
